"page";"text";"x0";"x1";"top";"bottom";"page_width";"font_name";"font_size";"line_center";"page_center";"center_score";"left_ratio";"width_ratio";"is_all_caps";"sistematika";"unsur"
"1";"BUPATI MALANG";"253,08";"358,608";"137,09600000000012";"149,09600000000012";"612,2";"BCDEEE+BookmanOldStyle-Bold";"12,0";"305,844";"306,1";"0,00041816399869328425";"0,41339431558314277";"0,17237504083632796";"True";"JUDUL";""
"1";"PROVINSI JAWA TIMUR";"231,48";"380,17199999999997";"158,32600000000014";"170,32600000000014";"612,2";"BCDEEE+BookmanOldStyle-Bold";"12,0";"305,82599999999996";"306,1";"0,00044756615485145007";"0,37811172819340083";"0,24288141130349553";"True";"JUDUL";""
"1";"PERATURAN BUPATI MALANG";"211,67";"399,938";"197,7260000000001";"209,7260000000001";"612,2";"BCDEEE+BookmanOldStyle-Bold";"12,0";"305,804";"306,1";"0,00048350212348913604";"0,3457530218882718";"0,3075269519764783";"True";"JUDUL";""
"1";"NOMOR 5 TAHUN 2025";"233,48";"378,85";"219,1260000000001";"231,1260000000001";"612,2";"BCDEEE+BookmanOldStyle-Bold";"12,0";"306,165";"306,1";"0,00010617445279320112";"0,3813786344331917";"0,2374550800392029";"True";"JUDUL";""
"1";"TENTANG";"275,48";"336,44000000000005";"240,32600000000014";"252,32600000000014";"612,2";"BCDEEE+BookmanOldStyle-Bold";"12,0";"305,96000000000004";"306,1";"0,00022868343678534195";"0,44998366546880103";"0,09957530218882724";"True";"JUDUL";""
"1";"PENCABUTAN PERATURAN BUPATI MALANG TENTANG PEMBENTUKAN";"82,825";"529,396";"261,7460000000001";"273,7460000000001";"612,2";"BCDEEE+BookmanOldStyle-Bold";"12,0";"306,1105";"306,1";"1,715125775886815e-05";"0,13529075465534138";"0,7294527932048349";"True";"JUDUL";""
"1";"UNIT PELAKSANA TEKNIS TAMAN WISATA AIR WENDIT";"132,05";"479,868";"280,94600000000014";"292,94600000000014";"612,2";"BCDEEE+BookmanOldStyle-Bold";"12,0";"305,959";"306,1";"0,00023031688990529165";"0,21569748448219536";"0,5681443972557987";"True";"JUDUL";""
"1";"PADA DINAS PARIWISATA DAN KEBUDAYAAN";"163,85";"448,2739999999999";"300,3460000000001";"312,3460000000001";"612,2";"BCDEEE+BookmanOldStyle-Bold";"12,0";"306,06199999999995";"306,1";"6,207121855613812e-05";"0,26764129369487094";"0,4645932701731458";"True";"JUDUL";""
"1";"DENGAN RAHMAT TUHAN YANG MAHA ESA";"169,05";"442,612";"341,3460000000001";"353,3460000000001";"612,2";"BCDEEE+BookmanOldStyle-Bold";"12,0";"305,831";"306,1";"0,0004393988892518874";"0,27613524991832733";"0,44685070238484154";"True";"PEMBUKAAN";"FRASA RELIGIUS"
"1";"BUPATI MALANG,";"251,08";"360,916";"382,3760000000001";"394,3760000000001";"612,2";"BCDEEE+BookmanOldStyle-Bold";"12,0";"305,998";"306,1";"0,00016661221822938954";"0,41012740934335185";"0,17941195687683759";"True";"PEMBUKAAN";"PEMBENTUK PPU"
"1";"Menimbang : a. bahwa untuk menunjang kegiatan teknis operasional";"70,825";"541,1940000000001";"423,40000000000003";"435,40000000000003";"612,2";"BCDFEE+BookmanOldStyle";"12,0";"306,00950000000006";"306,1";"0,00014782750735047886";"0,11568931721659588";"0,7683257105521072";"False";"PEMBUKAAN";"KONSIDERANS"
"1";"dan/atau kegiatan teknis penunjang tertentu Dinas";"191,45";"541,1800000000001";"442,8";"454,8";"612,2";"BCDFEE+BookmanOldStyle";"12,0";"366,31500000000005";"306,1";"0,09835837961450511";"0,3127245998039856";"0,5712675596210389";"False";"PEMBUKAAN";"KONSIDERANS"
"1";"Pariwisata dan Kebudayaan telah dibentuk Peraturan";"191,45";"541,206";"462,00000000000006";"474,00000000000006";"612,2";"BCDFEE+BookmanOldStyle";"12,0";"366,328";"306,1";"0,09837961450506362";"0,3127245998039856";"0,5713100294021561";"False";"PEMBUKAAN";"KONSIDERANS"
"1";"Bupati Malang Nomor 8 Tahun 2017 tentang Pembentukan";"191,45";"541,4219999999999";"481,42";"493,42";"612,2";"BCDFEE+BookmanOldStyle";"12,0";"366,4359999999999";"306,1";"0,09855602744201224";"0,3127245998039856";"0,5716628552760534";"False";"PEMBUKAAN";"KONSIDERANS"
"1";"Unit Pelaksana Teknis Taman Wisata Air Wendit pada";"191,45";"541,518";"500,62000000000006";"512,6200000000001";"612,2";"BCDFEE+BookmanOldStyle";"12,0";"366,48400000000004";"306,1";"0,09863443319176741";"0,3127245998039856";"0,5718196667755636";"False";"PEMBUKAAN";"KONSIDERANS"
"1";"Dinas Pariwisata dan Kebudayaan, sebagaimana telah";"191,45";"541,088";"520,02";"532,02";"612,2";"BCDFEE+BookmanOldStyle";"12,0";"366,269";"306,1";"0,09828324077098984";"0,3127245998039856";"0,5711172819340085";"False";"PEMBUKAAN";"KONSIDERANS"
"1";"diubah dengan Peraturan Bupati Malang Nomor 196";"191,45";"541,166";"539,4200000000001";"551,4200000000001";"612,2";"BCDFEE+BookmanOldStyle";"12,0";"366,308";"306,1";"0,09834694544266574";"0,3127245998039856";"0,5712446912773604";"False";"PEMBUKAAN";"KONSIDERANS"
"1";"Tahun 2019 tentang Perubahan atas Peraturan Bupati";"191,45";"541,014";"558,6200000000001";"570,6200000000001";"612,2";"BCDFEE+BookmanOldStyle";"12,0";"366,23199999999997";"306,1";"0,09822280300555365";"0,3127245998039856";"0,5709964064031362";"False";"PEMBUKAAN";"KONSIDERANS"
"1";"Malang Nomor 8 Tahun 2017 tentang Pembentukan Unit";"191,45";"541,54";"578,02";"590,02";"612,2";"BCDFEE+BookmanOldStyle";"12,0";"366,495";"306,1";"0,09865240117608622";"0,3127245998039856";"0,5718556027442011";"False";"PEMBUKAAN";"KONSIDERANS"
"1";"Pelaksana Teknis Taman Wisata Air Wendit pada Dinas";"191,45";"541,534";"597,25";"609,25";"612,2";"BCDFEE+BookmanOldStyle";"12,0";"366,49199999999996";"306,1";"0,09864750081672645";"0,3127245998039856";"0,5718458020254819";"False";"PEMBUKAAN";"KONSIDERANS"
"1";"Pariwisata dan Kebudayaan;";"191,45";"358,53999999999996";"616,6500000000001";"628,6500000000001";"612,2";"BCDFEE+BookmanOldStyle";"12,0";"274,995";"306,1";"0,05080855929434828";"0,3127245998039856";"0,27293368180333216";"False";"PEMBUKAAN";"KONSIDERANS"
"1";"b. bahwa dalam pelaksanaannya Unit Pelaksana Teknis";"170,05";"541,444";"637,85";"649,85";"612,2";"BCDFEE+BookmanOldStyle";"12,0";"355,74699999999996";"306,1";"0,08109604704344973";"0,2777687030382228";"0,606654688010454";"False";"PEMBUKAAN";"KONSIDERANS"
"1";"Taman Wisata Air Wendit tidak dapat berjalan sesuai tugas";"191,45";"541,0600000000001";"657,25";"669,25";"612,2";"BCDFEE+BookmanOldStyle";"12,0";"366,255";"306,1";"0,09826037242731128";"0,3127245998039856";"0,5710715452466515";"False";"PEMBUKAAN";"KONSIDERANS"
"1";"dan fungsinya sebagai penunjang kegiatan teknis";"191,45";"541,306";"676,45";"688,45";"612,2";"BCDFEE+BookmanOldStyle";"12,0";"366,37800000000004";"306,1";"0,09846128716105851";"0,3127245998039856";"0,5714733747141457";"False";"PEMBUKAAN";"KONSIDERANS"
"1";"operasional dan/atau kegiatan teknis penunjang tertentu";"191,45";"541,012";"695,87";"707,87";"612,2";"BCDFEE+BookmanOldStyle";"12,0";"366,231";"306,1";"0,09822116955243379";"0,3127245998039856";"0,5709931394968963";"False";"PEMBUKAAN";"KONSIDERANS"
"1";"Dinas Pariwisata dan Kebudayaan;";"191,45";"397,76";"715,27";"727,27";"612,2";"BCDFEE+BookmanOldStyle";"12,0";"294,605";"306,1";"0,018776543613198308";"0,3127245998039856";"0,33699771316563215";"False";"PEMBUKAAN";"KONSIDERANS"
"1";"c. bahwa berdasarkan pertimbangan sebagaimana";"170,05";"541,402";"736,48";"748,48";"612,2";"BCDFEE+BookmanOldStyle";"12,0";"355,726";"306,1";"0,08106174452793201";"0,2777687030382228";"0,6065860829794185";"False";"PEMBUKAAN";"KONSIDERANS"
"1";"dimaksud dalam huruf a dan huruf b, maka perlu";"191,45";"541,266";"755,88";"767,88";"612,2";"BCDFEE+BookmanOldStyle";"12,0";"366,35799999999995";"306,1";"0,09842861809866044";"0,3127245998039856";"0,5714080365893498";"False";"PEMBUKAAN";"KONSIDERANS"
"1";"membentuk Peraturan Bupati tentang Pencabutan";"191,45";"541,434";"775,07";"787,07";"612,2";"BCDFEE+BookmanOldStyle";"12,0";"366,442";"306,1";"0,09856582816073176";"0,3127245998039856";"0,5716824567134923";"False";"PEMBUKAAN";"KONSIDERANS"
"1";"Peraturan Bupati Malang tentang Pembentukan Unit";"191,45";"541,5139999999999";"794,48";"806,48";"612,2";"BCDFEE+BookmanOldStyle";"12,0";"366,48199999999997";"306,1";"0,09863116628552751";"0,3127245998039856";"0,5718131329630838";"False";"PEMBUKAAN";"KONSIDERANS"
"1";"Pelaksana Teknis Taman Wisata Air Wendit pada Dinas";"191,45";"541,534";"813,7";"825,7";"612,2";"BCDFEE+BookmanOldStyle";"12,0";"366,49199999999996";"306,1";"0,09864750081672645";"0,3127245998039856";"0,5718458020254819";"False";"PEMBUKAAN";"KONSIDERANS"
"1";"Pariwisata dan Kebudayaan;";"191,45";"358,53999999999996";"833,1";"845,1";"612,2";"BCDFEE+BookmanOldStyle";"12,0";"274,995";"306,1";"0,05080855929434828";"0,3127245998039856";"0,27293368180333216";"False";"PEMBUKAAN";"KONSIDERANS"
"2";"2";"302,5";"309,94";"35,90000000000009";"47,90000000000009";"612,2";"BCDFEE+BookmanOldStyle";"12,0";"306,22";"306,1";"0,0001960143743874625";"0,4941195687683763";"0,01215289121202221";"False";"PEMBUKAAN";"KONSIDERANS"
"2";"Mengingat : 1. Undang-Undang Nomor 12 Tahun 1950 tentang";"70,625";"540,944";"72,92000000000007";"84,92000000000007";"612,2";"BCDFEE+BookmanOldStyle";"12,0";"305,7845";"306,1";"0,0005153544593270871";"0,11536262659261678";"0,7682440378961123";"False";"PEMBUKAAN";"DASAR HUKUM"
"2";"Pembentukan Daerah-daerah Kabupaten di Lingkungan";"191,45";"541,276";"93,5200000000001";"105,5200000000001";"612,2";"BCDFEE+BookmanOldStyle";"12,0";"366,36299999999994";"306,1";"0,09843678536425991";"0,3127245998039856";"0,5714243711205488";"False";"PEMBUKAAN";"DASAR HUKUM"
"2";"Propinsi Jawa Timur (Berita Negara Republik Indonesia";"191,45";"541,33";"113,92000000000007";"125,92000000000007";"612,2";"BCDFEE+BookmanOldStyle";"12,0";"366,39";"306,1";"0,09848088859849716";"0,3127245998039856";"0,5715125775890232";"False";"PEMBUKAAN";"DASAR HUKUM"
"2";"Tahun 1950 Nomor 41), sebagaimana telah diubah dengan";"191,45";"541,082";"134,32000000000005";"146,32000000000005";"612,2";"BCDFEE+BookmanOldStyle";"12,0";"366,26599999999996";"306,1";"0,09827834041163008";"0,3127245998039856";"0,5711074812152891";"False";"PEMBUKAAN";"DASAR HUKUM"
"2";"Undang-Undang Nomor 2 Tahun 1965 tentang Perubahan";"191,45";"541,2339999999999";"154,7500000000001";"166,7500000000001";"612,2";"BCDFEE+BookmanOldStyle";"12,0";"366,342";"306,1";"0,09840248284874217";"0,3127245998039856";"0,5713557660895131";"False";"PEMBUKAAN";"DASAR HUKUM"
"2";"Batas Wilayah Kotapraja Surabaya dan Daerah Tingkat II";"191,45";"540,698";"175,1500000000001";"187,1500000000001";"612,2";"BCDFEE+BookmanOldStyle";"12,0";"366,07399999999996";"306,1";"0,09796471741261015";"0,3127245998039856";"0,5704802352172492";"False";"PEMBUKAAN";"DASAR HUKUM"
"2";"Surabaya dengan mengubah Undang-Undang Nomor 12";"191,45";"541,072";"195,55000000000007";"207,55000000000007";"612,2";"BCDFEE+BookmanOldStyle";"12,0";"366,26099999999997";"306,1";"0,0982701731460306";"0,3127245998039856";"0,5710911466840901";"False";"PEMBUKAAN";"DASAR HUKUM"
"2";"Tahun 1950 tentang Pembentukan Daerah-daerah Kota";"191,45";"541,5200000000001";"215,95000000000005";"227,95000000000005";"612,2";"BCDFEE+BookmanOldStyle";"12,0";"366,485";"306,1";"0,09863606664488726";"0,3127245998039856";"0,5718229336818035";"False";"PEMBUKAAN";"DASAR HUKUM"
"2";"Besar dalam Lingkungan Propinsi Jawa Timur, Jawa";"191,45";"540,914";"236,35000000000014";"248,35000000000014";"612,2";"BCDFEE+BookmanOldStyle";"12,0";"366,182";"306,1";"0,09814113034955894";"0,3127245998039856";"0,5708330610911466";"False";"PEMBUKAAN";"DASAR HUKUM"
"2";"Tengah, Jawa Barat dan Daerah Istimewa Yogyakarta";"191,45";"541,34";"256,95000000000005";"268,95000000000005";"612,2";"BCDFEE+BookmanOldStyle";"12,0";"366,395";"306,1";"0,09848905586409662";"0,3127245998039856";"0,5715289121202222";"False";"PEMBUKAAN";"DASAR HUKUM"
"2";"(Lembaran Negara Republik Indonesia Tahun 1965";"191,45";"540,818";"277,3700000000001";"289,3700000000001";"612,2";"BCDFEE+BookmanOldStyle";"12,0";"366,134";"306,1";"0,09806272459980396";"0,3127245998039856";"0,5706762495916367";"False";"PEMBUKAAN";"DASAR HUKUM"
"2";"Nomor 19, Tambahan Lembaran Negara Republik";"191,45";"540,8299999999999";"297,7700000000001";"309,7700000000001";"612,2";"BCDFEE+BookmanOldStyle";"12,0";"366,14";"306,1";"0,09807252531852328";"0,3127245998039856";"0,5706958510290753";"False";"PEMBUKAAN";"DASAR HUKUM"
"2";"Indonesia Nomor 2730);";"191,45";"332,14";"318,18000000000006";"330,18000000000006";"612,2";"BCDFEE+BookmanOldStyle";"12,0";"261,79499999999996";"306,1";"0,07237014047696841";"0,3127245998039856";"0,2298105194380921";"False";"PEMBUKAAN";"DASAR HUKUM"
"2";"2. Undang-Undang Nomor 12 Tahun 2011 tentang";"170,05";"541,1700000000001";"340,57000000000005";"352,57000000000005";"612,2";"BCDFEE+BookmanOldStyle";"12,0";"355,61";"306,1";"0,08087226396602415";"0,2777687030382228";"0,6062071218556028";"False";"PEMBUKAAN";"DASAR HUKUM"
"2";"Pembentukan Peraturan Perundang-undangan (Lembaran";"191,45";"541,334";"360,97000000000014";"372,97000000000014";"612,2";"BCDFEE+BookmanOldStyle";"12,0";"366,39199999999994";"306,1";"0,09848415550473687";"0,3127245998039856";"0,5715191114015027";"False";"PEMBUKAAN";"DASAR HUKUM"
"2";"Negara Republik Indonesia Tahun 2011 Nomor 82,";"191,45";"540,9459999999999";"381,4000000000001";"393,4000000000001";"612,2";"BCDFEE+BookmanOldStyle";"12,0";"366,198";"306,1";"0,09816726559947722";"0,3127245998039856";"0,5708853315909832";"False";"PEMBUKAAN";"DASAR HUKUM"
"2";"Tambahan Lembaran Negara Republik Indonesia";"191,45";"540,9620000000002";"401,80000000000007";"413,8";"612,2";"BCDFEE+BookmanOldStyle";"11,999999999999943";"366,20600000000013";"306,1";"0,09818033322443663";"0,3127245998039856";"0,570911466840902";"False";"PEMBUKAAN";"DASAR HUKUM"
"2";"Nomor 5234), sebagaimana telah diubah beberapa kali,";"191,45";"541,152";"422,40000000000003";"434,40000000000003";"612,2";"BCDFEE+BookmanOldStyle";"12,0";"366,30100000000004";"306,1";"0,09833551127082656";"0,3127245998039856";"0,5712218229336818";"False";"PEMBUKAAN";"DASAR HUKUM"
"2";"terakhir dengan Undang-Undang Nomor 13 Tahun 2022";"191,45";"541,346";"442,8";"454,8";"612,2";"BCDFEE+BookmanOldStyle";"12,0";"366,398";"306,1";"0,09849395622345639";"0,3127245998039856";"0,5715387128389415";"False";"PEMBUKAAN";"DASAR HUKUM"
"2";"tentang Perubahan Kedua atas Undang-Undang Nomor 12";"191,45";"541,2560000000001";"463,20000000000005";"475,20000000000005";"612,2";"BCDFEE+BookmanOldStyle";"12,0";"366,35300000000007";"306,1";"0,09842045083306115";"0,3127245998039856";"0,571391702058151";"False";"PEMBUKAAN";"DASAR HUKUM"
"2";"Tahun 2011 tentang Pembentukan Peraturan";"191,45";"541,208";"483,62000000000006";"495,62000000000006";"612,2";"BCDFEE+BookmanOldStyle";"12,0";"366,32899999999995";"306,1";"0,09838124795818348";"0,3127245998039856";"0,5713132963083959";"False";"PEMBUKAAN";"DASAR HUKUM"
"2";"Perundang-undangan (Lembaran Negara Republik";"191,45";"540,9280000000001";"504,02000000000004";"516,02";"612,2";"BCDFEE+BookmanOldStyle";"12,0";"366,1890000000001";"306,1";"0,09815256452139832";"0,3127245998039856";"0,5708559294348253";"False";"PEMBUKAAN";"DASAR HUKUM"
"2";"Indonesia Tahun 2022 Nomor 143, Tambahan Lembaran";"191,45";"540,9019999999999";"524,4200000000001";"536,4200000000001";"612,2";"BCDFEE+BookmanOldStyle";"12,0";"366,17599999999993";"306,1";"0,09813132963083944";"0,3127245998039856";"0,5708134596537078";"False";"PEMBUKAAN";"DASAR HUKUM"
"2";"Negara Republik Indonesia Nomor 6801);";"191,45";"432,98599999999993";"544,82";"556,82";"612,2";"BCDFEE+BookmanOldStyle";"12,0";"312,21799999999996";"306,1";"0,009993466187520316";"0,3127245998039856";"0,39453773276706944";"False";"PEMBUKAAN";"DASAR HUKUM"
"2";"3. Undang-Undang Nomor 23 Tahun 2014 tentang";"170,05";"541,236";"567,23";"579,23";"612,2";"BCDFEE+BookmanOldStyle";"12,0";"355,64300000000003";"306,1";"0,08092616791898073";"0,2777687030382228";"0,6063149297615158";"False";"PEMBUKAAN";"DASAR HUKUM"
"2";"Pemerintahan Daerah (Lembaran Negara Republik";"191,45";"541,154";"587,85";"599,85";"612,2";"BCDFEE+BookmanOldStyle";"12,0";"366,302";"306,1";"0,09833714472394642";"0,3127245998039856";"0,5712250898399216";"False";"PEMBUKAAN";"DASAR HUKUM"
"2";"Indonesia Tahun 2014 Nomor 244, Tambahan Lembaran";"191,45";"541,2379999999999";"608,25";"620,25";"612,2";"BCDFEE+BookmanOldStyle";"12,0";"366,34399999999994";"306,1";"0,09840574975498188";"0,3127245998039856";"0,5713622999019927";"False";"PEMBUKAAN";"DASAR HUKUM"
"2";"Negara Republik Indonesia Nomor 5587), sebagaimana";"191,45";"541,01";"628,6500000000001";"640,6500000000001";"612,2";"BCDFEE+BookmanOldStyle";"12,0";"366,23";"306,1";"0,09821953609931393";"0,3127245998039856";"0,5709898725906566";"False";"PEMBUKAAN";"DASAR HUKUM"
"2";"telah diubah beberapa kali, terakhir dengan";"191,45";"540,7579999999999";"649,05";"661,05";"612,2";"BCDFEE+BookmanOldStyle";"12,0";"366,1039999999999";"306,1";"0,09801372100620696";"0,3127245998039856";"0,5705782424044429";"False";"PEMBUKAAN";"DASAR HUKUM"
"2";"Undang-Undang Nomor 9 Tahun 2015 tentang Perubahan";"191,45";"540,972";"669,45";"681,45";"612,2";"BCDFEE+BookmanOldStyle";"12,0";"366,211";"306,1";"0,09818850049003591";"0,3127245998039856";"0,5709278013721005";"False";"PEMBUKAAN";"DASAR HUKUM"
"2";"Kedua atas Undang-Undang Nomor 23 Tahun 2014";"191,45";"541,166";"689,85";"701,85";"612,2";"BCDFEE+BookmanOldStyle";"12,0";"366,308";"306,1";"0,09834694544266574";"0,3127245998039856";"0,5712446912773604";"False";"PEMBUKAAN";"DASAR HUKUM"
"2";"tentang Pemerintahan Daerah (Lembaran Negara Republik";"191,45";"540,722";"710,27";"722,27";"612,2";"BCDFEE+BookmanOldStyle";"12,0";"366,086";"306,1";"0,09798431885004898";"0,3127245998039856";"0,5705194380921267";"False";"PEMBUKAAN";"DASAR HUKUM"
"2";"Indonesia Tahun 2015 Nomor 58, Tambahan Lembaran";"191,45";"540,7099999999999";"730,6700000000001";"742,6700000000001";"612,2";"BCDFEE+BookmanOldStyle";"12,0";"366,0799999999999";"306,1";"0,09797451813132947";"0,3127245998039856";"0,5704998366546878";"False";"PEMBUKAAN";"DASAR HUKUM"
"2";"Negara Republik Indonesia Nomor 5679);";"191,45";"433,13199999999995";"751,27";"763,27";"612,2";"BCDFEE+BookmanOldStyle";"12,0";"312,29099999999994";"306,1";"0,01011270826527265";"0,3127245998039856";"0,39477621692257425";"False";"PEMBUKAAN";"DASAR HUKUM"
"2";"4. Undang-Undang Nomor 20 Tahun 2023 tentang Aparatur";"170,05";"541,4939999999999";"773,6700000000001";"785,6700000000001";"612,2";"BCDFEE+BookmanOldStyle";"12,0";"355,77199999999993";"306,1";"0,08113688337144709";"0,2777687030382228";"0,6067363606664486";"False";"PEMBUKAAN";"DASAR HUKUM"
"2";"Sipil Negara (Lembaran Negara Republik Indonesia";"191,45";"540,9680000000001";"794,07";"806,07";"612,2";"BCDFEE+BookmanOldStyle";"12,0";"366,20900000000006";"306,1";"0,0981852335837962";"0,3127245998039856";"0,5709212675596211";"False";"PEMBUKAAN";"DASAR HUKUM"
"2";"Tahun 2023 Nomor 141, Tambahan Lembaran Negara";"191,45";"540,6959999999999";"814,5";"826,5";"612,2";"BCDFEE+BookmanOldStyle";"12,0";"366,073";"306,1";"0,09796308395949029";"0,3127245998039856";"0,5704769683110094";"False";"PEMBUKAAN";"DASAR HUKUM"
"2";"Republik Indonesia Nomor 6897);";"191,45";"388,44199999999995";"834,9000000000001";"846,9000000000001";"612,2";"BCDFEE+BookmanOldStyle";"12,0";"289,94599999999997";"306,1";"0,02638680169879133";"0,3127245998039856";"0,3217771969944462";"False";"PEMBUKAAN";"DASAR HUKUM"
"3";"3";"302,5";"309,94";"35,90000000000009";"47,90000000000009";"612,2";"BCDFEE+BookmanOldStyle";"12,0";"306,22";"306,1";"0,0001960143743874625";"0,4941195687683763";"0,01215289121202221";"False";"PEMBUKAAN";"DASAR HUKUM"
"3";"5. Peraturan Pemerintah Nomor 18 Tahun 2016 tentang";"170,05";"540,8900000000001";"72,92000000000007";"84,92000000000007";"612,2";"BCDFEE+BookmanOldStyle";"12,0";"355,47";"306,1";"0,08064358052923881";"0,2777687030382228";"0,6057497549820321";"False";"PEMBUKAAN";"DASAR HUKUM"
"3";"Perangkat Daerah (Lembaran Negara Republik Indonesia";"191,45";"540,9500000000002";"95,5200000000001";"107,5200000000001";"612,2";"BCDFEE+BookmanOldStyle";"12,0";"366,20000000000005";"306,1";"0,09817053250571711";"0,3127245998039856";"0,5708918654034632";"False";"PEMBUKAAN";"DASAR HUKUM"
"3";"Tahun 2016 Nomor 114, Tambahan Lembaran Negara";"191,45";"541,2900000000001";"118,12000000000012";"130,12000000000012";"612,2";"BCDFEE+BookmanOldStyle";"12,0";"366,37";"306,1";"0,09844821953609928";"0,3127245998039856";"0,5714472394642275";"False";"PEMBUKAAN";"DASAR HUKUM"
"3";"Republik Indonesia Nomor 5887), sebagaimana telah";"191,45";"541,288";"140,73000000000013";"152,73000000000013";"612,2";"BCDFEE+BookmanOldStyle";"12,0";"366,369";"306,1";"0,09844658608297942";"0,3127245998039856";"0,5714439725579876";"False";"PEMBUKAAN";"DASAR HUKUM"
"3";"diubah dengan Peraturan Pemerintah Nomor 72";"191,45";"541,22";"163,1500000000001";"175,1500000000001";"612,2";"BCDFEE+BookmanOldStyle";"12,0";"366,33500000000004";"306,1";"0,09839104867690299";"0,3127245998039856";"0,5713328977458347";"False";"PEMBUKAAN";"DASAR HUKUM"
"3";"Tahun 2019 tentang Perubahan atas Peraturan";"191,45";"541,206";"185,7500000000001";"197,7500000000001";"612,2";"BCDFEE+BookmanOldStyle";"12,0";"366,328";"306,1";"0,09837961450506362";"0,3127245998039856";"0,5713100294021561";"False";"PEMBUKAAN";"DASAR HUKUM"
"3";"Pemerintah Nomor 18 Tahun 2016 tentang Perangkat";"191,45";"540,7219999999999";"208,35000000000014";"220,35000000000014";"612,2";"BCDFEE+BookmanOldStyle";"12,0";"366,0859999999999";"306,1";"0,0979843188500488";"0,3127245998039856";"0,5705194380921265";"False";"PEMBUKAAN";"DASAR HUKUM"
"3";"Daerah (Lembaran Negara Republik Indonesia Tahun 2019";"191,45";"541,22";"230,7500000000001";"242,7500000000001";"612,2";"BCDFEE+BookmanOldStyle";"12,0";"366,33500000000004";"306,1";"0,09839104867690299";"0,3127245998039856";"0,5713328977458347";"False";"PEMBUKAAN";"DASAR HUKUM"
"3";"Nomor 187, Tambahan Lembaran Negara Republik";"191,45";"541,178";"253,35000000000014";"265,35000000000014";"612,2";"BCDFEE+BookmanOldStyle";"12,0";"366,31399999999996";"306,1";"0,09835674616138507";"0,3127245998039856";"0,5712642927147991";"False";"PEMBUKAAN";"DASAR HUKUM"
"3";"Indonesia Nomor 6402);";"191,45";"332,14";"275,97000000000014";"287,97000000000014";"612,2";"BCDFEE+BookmanOldStyle";"12,0";"261,79499999999996";"306,1";"0,07237014047696841";"0,3127245998039856";"0,2298105194380921";"False";"PEMBUKAAN";"DASAR HUKUM"
"3";"6. Peraturan Presiden Nomor 87 Tahun 2014 tentang";"170,05";"541,034";"300,57000000000005";"312,57000000000005";"612,2";"BCDFEE+BookmanOldStyle";"12,0";"355,54200000000003";"306,1";"0,08076118915387129";"0,2777687030382228";"0,6059849722312969";"False";"PEMBUKAAN";"DASAR HUKUM"
"3";"Peraturan Pelaksanaan Undang-Undang Nomor 12";"191,45";"541,272";"322,97000000000014";"334,97000000000014";"612,2";"BCDFEE+BookmanOldStyle";"12,0";"366,361";"306,1";"0,09843351845802019";"0,3127245998039856";"0,5714178373080693";"False";"PEMBUKAAN";"DASAR HUKUM"
"3";"Tahun 2011 tentang Pembentukan Peraturan";"191,45";"541,2479999999999";"345,57000000000005";"357,57000000000005";"612,2";"BCDFEE+BookmanOldStyle";"12,0";"366,34899999999993";"306,1";"0,09841391702058136";"0,3127245998039856";"0,5713786344331916";"False";"PEMBUKAAN";"DASAR HUKUM"
"3";"Perundang-undangan (Lembaran Negara Republik";"191,45";"540,9340000000001";"368,20000000000005";"380,20000000000005";"612,2";"BCDFEE+BookmanOldStyle";"12,0";"366,192";"306,1";"0,09815746488075788";"0,3127245998039856";"0,5708657301535447";"False";"PEMBUKAAN";"DASAR HUKUM"
"3";"Indonesia Tahun 2014 Nomor 199), sebagaimana telah";"191,45";"541,1299999999999";"390,60000000000014";"402,60000000000014";"612,2";"BCDFEE+BookmanOldStyle";"12,0";"366,28999999999996";"306,1";"0,09831754328650757";"0,3127245998039856";"0,5711858869650439";"False";"PEMBUKAAN";"DASAR HUKUM"
"3";"diubah dengan Peraturan Presiden Nomor 76 Tahun 2021";"191,45";"540,7819999999999";"413,20000000000005";"425,20000000000005";"612,2";"BCDFEE+BookmanOldStyle";"12,0";"366,116";"306,1";"0,09803332244364579";"0,3127245998039856";"0,5706174452793203";"False";"PEMBUKAAN";"DASAR HUKUM"
"3";"tentang Perubahan atas Peraturan Presiden Nomor 87";"191,45";"540,7340000000002";"435,8";"447,8";"612,2";"BCDFEE+BookmanOldStyle";"12,0";"366,0920000000001";"306,1";"0,0979941195687685";"0,3127245998039856";"0,5705390395295658";"False";"PEMBUKAAN";"DASAR HUKUM"
"3";"Tahun 2014 tentang Peraturan Pelaksanaan";"191,45";"541,3539999999999";"458,20000000000005";"470,20000000000005";"612,2";"BCDFEE+BookmanOldStyle";"12,0";"366,40199999999993";"306,1";"0,0985004900359358";"0,3127245998039856";"0,5715517804639005";"False";"PEMBUKAAN";"DASAR HUKUM"
"3";"Undang-Undang Nomor 12 Tahun 2011 tentang";"191,45";"540,944";"480,82000000000005";"492,82000000000005";"612,2";"BCDFEE+BookmanOldStyle";"12,0";"366,197";"306,1";"0,09816563214635736";"0,3127245998039856";"0,5708820646847435";"False";"PEMBUKAAN";"DASAR HUKUM"
"3";"Pembentukan Peraturan Perundang-undangan (Lembaran";"191,45";"541,334";"503,42";"515,4200000000001";"612,2";"BCDFEE+BookmanOldStyle";"12,0";"366,39199999999994";"306,1";"0,09848415550473687";"0,3127245998039856";"0,5715191114015027";"False";"PEMBUKAAN";"DASAR HUKUM"
"3";"Negara Republik Indonesia Tahun 2021 Nomor 186);";"191,45";"501,59";"525,82";"537,82";"612,2";"BCDFEE+BookmanOldStyle";"12,0";"346,52";"306,1";"0,06602417510617438";"0,3127245998039856";"0,5065991506043775";"False";"PEMBUKAAN";"DASAR HUKUM"
"3";"7. Peraturan Menteri Dalam Negeri Nomor 80 Tahun 2015";"170,05";"540,7700000000001";"550,4200000000001";"562,4200000000001";"612,2";"BCDFEE+BookmanOldStyle";"12,0";"355,4100000000001";"306,1";"0,08054557334204518";"0,2777687030382228";"0,6055537406076447";"False";"PEMBUKAAN";"DASAR HUKUM"
"3";"tentang Pembentukan Produk Hukum Daerah (Berita";"191,45";"541,314";"573,02";"585,02";"612,2";"BCDFEE+BookmanOldStyle";"12,0";"366,38199999999995";"306,1";"0,09846782097353793";"0,3127245998039856";"0,5714864423391048";"False";"PEMBUKAAN";"DASAR HUKUM"
"3";"Negara Republik Indonesia Tahun 2015 Nomor 2036),";"191,45";"541,048";"595,45";"607,45";"612,2";"BCDFEE+BookmanOldStyle";"12,0";"366,249";"306,1";"0,09825057170859196";"0,3127245998039856";"0,5710519438092126";"False";"PEMBUKAAN";"DASAR HUKUM"
"3";"sebagaimana telah diubah dengan Peraturan Menteri";"191,45";"540,7579999999999";"618,05";"630,05";"612,2";"BCDFEE+BookmanOldStyle";"12,0";"366,1039999999999";"306,1";"0,09801372100620696";"0,3127245998039856";"0,5705782424044429";"False";"PEMBUKAAN";"DASAR HUKUM"
"3";"Dalam Negeri Nomor 120 Tahun 2018 tentang Perubahan";"191,45";"540,8419999999998";"640,6500000000001";"652,6500000000001";"612,2";"BCDFEE+BookmanOldStyle";"12,0";"366,14599999999984";"306,1";"0,09808232603724243";"0,3127245998039856";"0,5707154524665138";"False";"PEMBUKAAN";"DASAR HUKUM"
"3";"atas Peraturan Menteri Dalam Negeri Nomor 80";"191,45";"540,794";"663,25";"675,25";"612,2";"BCDFEE+BookmanOldStyle";"11,999999999999972";"366,12199999999996";"306,1";"0,09804312316236513";"0,3127245998039856";"0,5706370467167592";"False";"PEMBUKAAN";"DASAR HUKUM"
"3";"Tahun 2015 tentang Pembentukan Produk Hukum Daerah";"191,45";"541,274";"685,6500000000001";"697,6500000000001";"612,2";"BCDFEE+BookmanOldStyle";"12,0";"366,36199999999997";"306,1";"0,09843515191114005";"0,3127245998039856";"0,571421104214309";"False";"PEMBUKAAN";"DASAR HUKUM"
"3";"(Berita Negara Republik Indonesia Tahun 2019";"191,45";"541,138";"708,27";"720,27";"612,2";"BCDFEE+BookmanOldStyle";"12,0";"366,294";"306,1";"0,09832407709898719";"0,3127245998039856";"0,5711989545900032";"False";"PEMBUKAAN";"DASAR HUKUM"
"3";"Nomor 157);";"191,45";"263,71999999999997";"730,88";"742,88";"612,2";"BCDFEE+BookmanOldStyle";"12,0";"227,58499999999998";"306,1";"0,12825057170859203";"0,3127245998039856";"0,11804965697484478";"False";"PEMBUKAAN";"DASAR HUKUM"
"3";"8. Peraturan Menteri Dalam Negeri Nomor 12 Tahun 2017";"170,05";"540,7700000000001";"755,27";"767,27";"612,2";"BCDFEE+BookmanOldStyle";"12,0";"355,4100000000001";"306,1";"0,08054557334204518";"0,2777687030382228";"0,6055537406076447";"False";"PEMBUKAAN";"DASAR HUKUM"
"3";"tentang Pedoman Pembentukan dan Klasifikasi Cabang";"191,45";"541,0699999999999";"777,87";"789,87";"612,2";"BCDFEE+BookmanOldStyle";"12,0";"366,26";"306,1";"0,09826853969291076";"0,3127245998039856";"0,5710878797778502";"False";"PEMBUKAAN";"DASAR HUKUM"
"3";"Dinas dan Unit Pelaksana Teknis Daerah (Berita Negara";"191,45";"540,6859999999999";"800,47";"812,47";"612,2";"BCDFEE+BookmanOldStyle";"12,0";"366,068";"306,1";"0,09795491669389081";"0,3127245998039856";"0,5704606337798104";"False";"PEMBUKAAN";"DASAR HUKUM"
"3";"Republik Indonesia Tahun 2017 Nomor 451);";"191,45";"456,98999999999995";"822,9000000000001";"834,9000000000001";"612,2";"BCDFEE+BookmanOldStyle";"12,0";"324,21999999999997";"306,1";"0,02959817053250563";"0,3127245998039856";"0,4337471414570401";"False";"PEMBUKAAN";"DASAR HUKUM"
"4";"4";"302,5";"309,94";"35,90000000000009";"47,90000000000009";"612,2";"BCDFEE+BookmanOldStyle";"12,0";"306,22";"306,1";"0,0001960143743874625";"0,4941195687683763";"0,01215289121202221";"False";"PEMBUKAAN";"DASAR HUKUM"
"4";"9. Peraturan Daerah Kabupaten Malang Nomor 9";"170,05";"540,864";"72,92000000000007";"84,92000000000007";"612,2";"BCDFEE+BookmanOldStyle";"12,0";"355,457";"306,1";"0,08062234563868012";"0,2777687030382228";"0,6057072852009148";"False";"PEMBUKAAN";"DASAR HUKUM"
"4";"Tahun 2016 tentang Pembentukan dan Susunan";"191,45";"541,0939999999999";"94,12000000000012";"106,12000000000012";"612,2";"BCDFEE+BookmanOldStyle";"12,0";"366,27199999999993";"306,1";"0,09828814113034941";"0,3127245998039856";"0,5711270826527277";"False";"PEMBUKAAN";"DASAR HUKUM"
"4";"Perangkat Daerah (Lembaran Daerah Kabupaten Malang";"191,45";"541,01";"115,32000000000005";"127,32000000000005";"612,2";"BCDFEE+BookmanOldStyle";"12,0";"366,23";"306,1";"0,09821953609931393";"0,3127245998039856";"0,5709898725906566";"False";"PEMBUKAAN";"DASAR HUKUM"
"4";"Tahun 2016 Nomor 1 Seri C), sebagaimana telah diubah";"191,45";"541,41";"136,32000000000005";"148,32000000000005";"612,2";"BCDFEE+BookmanOldStyle";"12,0";"366,42999999999995";"306,1";"0,09854622672329291";"0,3127245998039856";"0,5716432538386148";"False";"PEMBUKAAN";"DASAR HUKUM"
"4";"beberapa kali, terakhir dengan Peraturan Daerah";"191,45";"541,0859999999999";"157,55000000000007";"169,55000000000007";"612,2";"BCDFEE+BookmanOldStyle";"12,0";"366,2679999999999";"306,1";"0,09828160731786979";"0,3127245998039856";"0,5711140150277685";"False";"PEMBUKAAN";"DASAR HUKUM"
"4";"Kabupaten Malang Nomor 3 Tahun 2023 tentang";"191,45";"541,1700000000001";"178,7500000000001";"190,7500000000001";"612,2";"BCDFEE+BookmanOldStyle";"12,0";"366,31000000000006";"306,1";"0,09835021234890563";"0,3127245998039856";"0,57125122508984";"False";"PEMBUKAAN";"DASAR HUKUM"
"4";"Perubahan Keempat atas Peraturan Daerah Nomor 9";"191,45";"541,1120000000001";"199,7500000000001";"211,7500000000001";"612,2";"BCDFEE+BookmanOldStyle";"12,0";"366,28100000000006";"306,1";"0,09830284220842868";"0,3127245998039856";"0,5711564848088861";"False";"PEMBUKAAN";"DASAR HUKUM"
"4";"Tahun 2016 tentang Pembentukan dan Susunan";"191,45";"541,0939999999999";"220,95000000000005";"232,95000000000005";"612,2";"BCDFEE+BookmanOldStyle";"12,0";"366,27199999999993";"306,1";"0,09828814113034941";"0,3127245998039856";"0,5711270826527277";"False";"PEMBUKAAN";"DASAR HUKUM"
"4";"Perangkat Daerah (Lembaran Daerah Kabupaten Malang";"191,45";"541,274";"242,1500000000001";"254,1500000000001";"612,2";"BCDFEE+BookmanOldStyle";"12,0";"366,36199999999997";"306,1";"0,09843515191114005";"0,3127245998039856";"0,571421104214309";"False";"PEMBUKAAN";"DASAR HUKUM"
"4";"Tahun 2023 Nomor 3 Seri C);";"191,45";"364,31199999999995";"263,18000000000006";"275,18000000000006";"612,2";"BCDFEE+BookmanOldStyle";"12,0";"277,881";"306,1";"0,046094413590330036";"0,3127245998039856";"0,28236197321136874";"False";"PEMBUKAAN";"DASAR HUKUM"
"4";"10. Peraturan Bupati Malang Nomor 28 Tahun 2022 tentang";"170,05";"541,484";"286,3700000000001";"298,3700000000001";"612,2";"BCDFEE+BookmanOldStyle";"12,0";"355,76700000000005";"306,1";"0,0811287161058478";"0,2777687030382228";"0,6067200261352499";"False";"PEMBUKAAN";"DASAR HUKUM"
"4";"Kedudukan, Susunan Organisasi, Tugas dan Fungsi, serta";"191,45";"540,932";"307,57000000000005";"319,57000000000005";"612,2";"BCDFEE+BookmanOldStyle";"12,0";"366,19100000000003";"306,1";"0,09815583142763804";"0,3127245998039856";"0,5708624632473048";"False";"PEMBUKAAN";"DASAR HUKUM"
"4";"Tata Kerja Dinas Pariwisata dan Kebudayaan;";"191,45";"460,78999999999996";"328,57000000000005";"340,57000000000005";"612,2";"BCDFEE+BookmanOldStyle";"12,0";"326,12";"306,1";"0,032701731460307054";"0,3127245998039856";"0,43995426331264287";"False";"PEMBUKAAN";"DASAR HUKUM"
"4";"11. Peraturan Bupati Malang Nomor 60 Tahun 2022 tentang";"170,05";"541,2819999999999";"351,7700000000001";"363,7700000000001";"612,2";"BCDFEE+BookmanOldStyle";"12,0";"355,66599999999994";"306,1";"0,08096373734073818";"0,2777687030382228";"0,6063900686050309";"False";"PEMBUKAAN";"DASAR HUKUM"
"4";"Kedudukan, Susunan Organisasi, Tugas dan Fungsi, serta";"191,45";"540,932";"373,0000000000001";"385,0000000000001";"612,2";"BCDFEE+BookmanOldStyle";"12,0";"366,19100000000003";"306,1";"0,09815583142763804";"0,3127245998039856";"0,5708624632473048";"False";"PEMBUKAAN";"DASAR HUKUM"
"4";"Tata Kerja Sekretariat Daerah;";"191,45";"371,36999999999995";"394,0000000000001";"406,0000000000001";"612,2";"BCDFEE+BookmanOldStyle";"12,0";"281,40999999999997";"306,1";"0,040329957530218966";"0,3127245998039856";"0,2938908853315909";"False";"PEMBUKAAN";"DASAR HUKUM"
"4";"MEMUTUSKAN:";"258,88";"353,14";"440,20000000000005";"452,20000000000005";"612,2";"BCDFEE+BookmanOldStyle";"12,0";"306,01";"306,1";"0,00014701078079064328";"0,4228683436785364";"0,15396929108134594";"True";"PEMBUKAAN";"DASAR HUKUM"
"4";"Menetapkan : PERATURAN BUPATI TENTANG PENCABUTAN PERATURAN";"70,825";"541,002";"486,63000000000005";"498,63000000000005";"612,2";"BCDFEE+BookmanOldStyle";"12,0";"305,9135";"306,1";"0,0003046390068605417";"0,11568931721659588";"0,7680120875530871";"False";"PEMBUKAAN";"DASAR HUKUM"
"4";"BUPATI MALANG TENTANG PEMBENTUKAN UNIT";"170,05";"541,0160000000001";"507,62000000000006";"519,6200000000001";"612,2";"BCDFEE+BookmanOldStyle";"12,0";"355,533";"306,1";"0,08074648807579221";"0,2777687030382228";"0,6059555700751389";"True";"PEMBUKAAN";"DASAR HUKUM"
"4";"PELAKSANA TEKNIS TAMAN WISATA AIR WENDIT PADA";"170,05";"541,13";"528,82";"540,82";"612,2";"BCDFEE+BookmanOldStyle";"12,0";"355,59000000000003";"306,1";"0,08083959490362627";"0,2777687030382228";"0,6061417837308068";"True";"PEMBUKAAN";"DASAR HUKUM"
"4";"DINAS PARIWISATA DAN KEBUDAYAAN.";"170,05";"412,56";"550,02";"562,02";"612,2";"BCDFEE+BookmanOldStyle";"12,0";"291,305";"306,1";"0,02416693890885334";"0,2777687030382228";"0,3961287161058477";"True";"PEMBUKAAN";"DASAR HUKUM"
"4";"Pasal 1";"284,3";"326,72";"595,25";"607,25";"612,2";"BCDFEE+BookmanOldStyle";"12,0";"305,51";"306,1";"0,0009637373407383727";"0,46439072198627895";"0,06929108134596539";"False";"BATANG TUBUH";"PASAL 1"
"4";"Peraturan Bupati Malang Nomor 8 Tahun 2017 tentang";"170,05";"541,414";"640,45";"652,45";"612,2";"BCDFEE+BookmanOldStyle";"12,0";"355,73199999999997";"306,1";"0,08107154524665133";"0,2777687030382228";"0,6066056844168571";"False";"BATANG TUBUH";"PASAL 1"
"4";"Pembentukan Unit Pelaksana Teknis Taman Wisata Air Wendit";"170,05";"541,1279999999999";"661,6500000000001";"673,6500000000001";"612,2";"BCDFEE+BookmanOldStyle";"12,0";"355,58899999999994";"306,1";"0,08083796145050623";"0,2777687030382228";"0,606138516824567";"False";"BATANG TUBUH";"PASAL 1"
"4";"pada Dinas Pariwisata dan Kebudayaan (Berita Daerah";"170,05";"541,254";"682,85";"694,85";"612,2";"BCDFEE+BookmanOldStyle";"12,0";"355,65200000000004";"306,1";"0,08094086899705981";"0,2777687030382228";"0,6063443319176739";"False";"BATANG TUBUH";"PASAL 1"
"4";"Kabupaten Malang Tahun 2017 Nomor 8 Seri C), sebagaimana";"170,05";"541,0500000000001";"703,88";"715,88";"612,2";"BCDFEE+BookmanOldStyle";"12,0";"355,55000000000007";"306,1";"0,08077425677883052";"0,2777687030382228";"0,6060111074812153";"False";"BATANG TUBUH";"PASAL 1"
"4";"telah diubah dengan Peraturan Bupati Malang Nomor 196";"170,05";"541,158";"725,07";"737,07";"612,2";"BCDFEE+BookmanOldStyle";"12,0";"355,60400000000004";"306,1";"0,08086246324730482";"0,2777687030382228";"0,6061875204181639";"False";"BATANG TUBUH";"PASAL 1"
"4";"Tahun 2019 tentang Perubahan atas Peraturan Bupati Malang";"170,05";"541,034";"746,27";"758,27";"612,2";"BCDFEE+BookmanOldStyle";"12,0";"355,54200000000003";"306,1";"0,08076118915387129";"0,2777687030382228";"0,6059849722312969";"False";"BATANG TUBUH";"PASAL 1"
"4";"Nomor 8 Tahun 2017 tentang Pembentukan Unit Pelaksana";"170,05";"541,458";"767,27";"779,27";"612,2";"BCDFEE+BookmanOldStyle";"12,0";"355,754";"306,1";"0,08110748121528912";"0,2777687030382228";"0,6066775563541326";"False";"BATANG TUBUH";"PASAL 1"
"4";"Teknis Taman Wisata Air Wendit pada Dinas Pariwisata dan";"170,05";"541,304";"788,48";"800,48";"612,2";"BCDFEE+BookmanOldStyle";"12,0";"355,677";"306,1";"0,08098170532505716";"0,2777687030382228";"0,6064260045736686";"False";"BATANG TUBUH";"PASAL 1"
"4";"Kebudayaan (Berita Daerah Kabupaten Malang Tahun 2019";"170,05";"541,4100000000001";"809,7";"821,7";"612,2";"BCDFEE+BookmanOldStyle";"12,0";"355,73";"306,1";"0,08106827834041162";"0,2777687030382228";"0,6065991506043777";"False";"BATANG TUBUH";"PASAL 1"
"4";"Nomor 8 Seri C), dicabut dan dinyatakan tidak berlaku.";"170,05";"495,81199999999995";"830,7";"842,7";"612,2";"BCDFEE+BookmanOldStyle";"12,0";"332,931";"306,1";"0,04382718065991499";"0,2777687030382228";"0,5321169552433844";"False";"BATANG TUBUH";"PASAL 1"
"5";"5";"302,5";"309,94";"35,90000000000009";"47,90000000000009";"612,2";"BCDFEE+BookmanOldStyle";"12,0";"306,22";"306,1";"0,0001960143743874625";"0,4941195687683763";"0,01215289121202221";"False";"BATANG TUBUH";"PASAL 1"
"5";"Pasal 2";"284,9";"327,34";"72,92000000000007";"84,92000000000007";"612,2";"BCDFEE+BookmanOldStyle";"12,0";"306,12";"306,1";"3,266906239787947e-05";"0,4653707938582162";"0,06932375040836328";"False";"BATANG TUBUH";"PASAL 2"
"5";"Segala hal yang menyangkut kepegawaian dilakukan penataan";"170,05";"540,8179999999999";"112,32000000000005";"124,32000000000005";"612,2";"BCDFEE+BookmanOldStyle";"12,0";"355,43399999999997";"306,1";"0,08058477621692248";"0,2777687030382228";"0,6056321463573993";"False";"BATANG TUBUH";"PASAL 2"
"5";"kembali sesuai ketentuan peraturan perundang-undangan.";"170,05";"518,01";"133,32000000000005";"145,32000000000005";"612,2";"BCDFEE+BookmanOldStyle";"12,0";"344,03";"306,1";"0,06195687683763467";"0,2777687030382228";"0,5683763475988238";"False";"BATANG TUBUH";"PASAL 2"
"5";"Pasal 3";"284,9";"327,34";"179,7500000000001";"191,7500000000001";"612,2";"BCDFEE+BookmanOldStyle";"12,0";"306,12";"306,1";"3,266906239787947e-05";"0,4653707938582162";"0,06932375040836328";"False";"BATANG TUBUH";"PASAL 3"
"5";"Peraturan Bupati ini mulai berlaku pada tanggal";"170,05";"540,686";"218,95000000000005";"230,95000000000005";"612,2";"BCDFEE+BookmanOldStyle";"12,0";"355,36800000000005";"306,1";"0,08047696831100952";"0,2777687030382228";"0,6054165305455733";"False";"BATANG TUBUH";"PASAL 3"
"5";"diundangkan.";"170,05";"252,32";"239,95000000000005";"251,95000000000005";"612,2";"BCDFEE+BookmanOldStyle";"12,0";"211,185";"306,1";"0,15503920287487752";"0,2777687030382228";"0,13438418817379938";"False";"BATANG TUBUH";"PASAL 3"
"5";"Agar setiap orang mengetahuinya, memerintahkan";"170,05";"541,218";"273,97000000000014";"285,97000000000014";"612,2";"BCDFEE+BookmanOldStyle";"12,0";"355,634";"306,1";"0,08091146684090164";"0,2777687030382228";"0,6062855276053576";"False";"PENUTUP";""
"5";"pengundangan Peraturan Bupati ini dengan penempatannya";"170,05";"541,046";"295,18000000000006";"307,18000000000006";"612,2";"BCDFEE+BookmanOldStyle";"12,0";"355,548";"306,1";"0,08077098987259061";"0,2777687030382228";"0,6060045736687357";"False";"PENUTUP";""
"5";"dalam Berita Daerah Kabupaten Malang.";"170,05";"411,36999999999995";"316,1700000000001";"328,1700000000001";"612,2";"BCDFEE+BookmanOldStyle";"12,0";"290,71";"306,1";"0,025138843515191182";"0,2777687030382228";"0,39418490689317204";"False";"PENUTUP";""
"5";"Ditetapkan di Kepanjen";"323,5";"462,364";"369,4000000000001";"381,4000000000001";"612,2";"BCDFEE+BookmanOldStyle";"12,0";"392,932";"306,1";"0,14183600130676247";"0,528422084286181";"0,22682783404116297";"False";"PENUTUP";""
"5";"pada tanggal 26 Maret 2025";"323,5";"489,19";"388,0000000000001";"400,0000000000001";"612,2";"BCDFEE+BookmanOldStyle";"12,0";"406,345";"306,1";"0,1637455080039203";"0,528422084286181";"0,27064684743547857";"False";"PENUTUP";""
"5";"BUPATI MALANG,";"367,92";"477,814";"424,97600000000006";"436,97600000000006";"612,2";"BCDEEE+BookmanOldStyle-Bold";"12,0";"422,867";"306,1";"0,19073342045083305";"0,6009800718719372";"0,17950669715779158";"True";"PENUTUP";""
"5";"ttd.";"411,52";"434,40999999999997";"454,97600000000006";"466,97600000000006";"612,2";"BCDEEE+BookmanOldStyle-Bold";"12,0";"422,965";"306,1";"0,19089349885658272";"0,6721986278993792";"0,03738974191440703";"False";"PENUTUP";""
"5";"SANUSI";"399,52";"446,5";"490,59600000000006";"502,59600000000006";"612,2";"BCDEEE+BookmanOldStyle-Bold";"12,0";"423,01";"306,1";"0,19096700424697804";"0,6525971904606337";"0,07673962757268869";"True";"PENUTUP";""
"5";"Diundangkan di Kepanjen";"70,825";"224,88099999999994";"514,02";"526,02";"612,2";"BCDFEE+BookmanOldStyle";"12,0";"147,85299999999998";"306,1";"0,25848905586409676";"0,11568931721659588";"0,2516432538386147";"False";"PENUTUP";""
"5";"pada tanggal 26 Maret 2025";"70,825";"236,52";"532,4200000000001";"544,4200000000001";"612,2";"BCDFEE+BookmanOldStyle";"12,0";"153,6725";"306,1";"0,24898317543286508";"0,11568931721659588";"0,27065501470107806";"False";"PENUTUP";""
"5";"Plh. SEKRETARIS DAERAH KABUPATEN MALANG,";"72,625";"387,80999999999995";"566,596";"578,596";"612,2";"BCDEEE+BookmanOldStyle-Bold";"12,0";"230,21749999999997";"306,1";"0,12395050637046724";"0,1186295328324077";"0,5148399215942501";"False";"PENUTUP";""
"5";"ttd.";"213,68";"236,55";"603,626";"615,626";"612,2";"BCDEEE+BookmanOldStyle-Bold";"12,0";"225,115";"306,1";"0,13228520091473375";"0,3490362626592617";"0,03735707285200915";"False";"PENUTUP";""
"5";"NURMAN RAMDANSYAH";"154,85";"305,74399999999997";"632,426";"644,426";"612,2";"BCDEEE+BookmanOldStyle-Bold";"12,0";"230,29699999999997";"306,1";"0,12382064684743556";"0,2529402156158118";"0,24647827507350534";"True";"PENUTUP";""
"5";"Berita Daerah Kabupaten Malang";"70,825";"267,949";"661,25";"673,25";"612,2";"BCDFEE+BookmanOldStyle";"11,999999999999972";"169,387";"306,1";"0,2233142763802679";"0,11568931721659588";"0,32199281280627245";"False";"PENUTUP";""
"5";"Tahun 2025 Nomor 5 Seri C";"70,825";"236,35";"679,6500000000001";"691,6500000000001";"612,2";"BCDFEE+BookmanOldStyle";"12,0";"153,5875";"306,1";"0,2491220189480562";"0,11568931721659588";"0,2703773276706958";"False";"PENUTUP";""
