"page","text","x0","x1","top","bottom","page_width","font_name","font_size","line_center","page_center","center_score","left_ratio","width_ratio","is_all_caps","label"
"5","- 5 -","285.3","309.90000000000003","37.30000000000007","49.30000000000007","595.4","BCDEEE+BookmanOldStyle","12.0","297.6","297.7","0.00016795431642587487","0.47917366476318446","0.04131676184077935","False","HALAMAN"
"5","LAMPIRAN","290.7","354.15599999999995","72.73000000000002","84.73000000000002","595.4","BCDEEE+BookmanOldStyle","12.0","322.428","297.7","0.041531743365804515","0.4882431978501848","0.10657709103123944","True","LAMPIRAN"
"5","PERATURAN BADAN PUSAT STATISTIK","290.7","524.4119999999999","86.92000000000007","98.92000000000007","595.4","BCDEEE+BookmanOldStyle","12.0","407.5559999999999","297.7","0.18450789385287192","0.4882431978501848","0.39252939200537446","True","LAMPIRAN"
"5","NOMOR 7 TAHUN 2025","290.7","430.5","100.92000000000007","112.92000000000007","595.4","BCDEEE+BookmanOldStyle","12.0","360.6","297.7","0.10564326503191138","0.4882431978501848","0.23480013436345318","True","LAMPIRAN"
"5","TENTANG","290.7","349.488","115.13000000000011","127.13000000000011","595.4","BCDEEE+BookmanOldStyle","12.0","320.094","297.7","0.03761168962042326","0.4882431978501848","0.09873698354047701","True","LAMPIRAN"
"5","KLASIFIKASI BAKU LAPANGAN USAHA","290.7","524.448","129.1300000000001","141.1300000000001","595.4","BCDEEE+BookmanOldStyle","12.0","407.57399999999996","297.7","0.18453812562982863","0.4882431978501848","0.3925898555592879","True","LAMPIRAN"
"5","INDONESIA","290.7","360.24","143.33000000000004","155.33000000000004","595.4","BCDEEE+BookmanOldStyle","12.0","325.47","297.7","0.046640913671481425","0.4882431978501848","0.11679543164259325","True","LAMPIRAN"
"5","KLASIFIKASI BAKU LAPANGAN USAHA INDONESIA","144.25","450.418","185.55000000000007","197.55000000000007","595.4","BCDEEE+BookmanOldStyle","12.0","297.334","297.7","0.0006147127981188873","0.24227410144440714","0.514222371514948","True","LAMPIRAN"
"5","A PERTANIAN, KEHUTANAN, DAN PERIKANAN","70.825","378.614","213.7500000000001","225.7500000000001","595.4","BCDEEE+BookmanOldStyle","12.0","224.71949999999998","297.7","0.12257389989922743","0.11895364460866645","0.5169449109842122","True","LAMPIRAN"
"5","Kategori ini mencakup eksploitasi sumber daya alam nabati dan","113.45","524.2339999999997","227.7500000000001","239.7500000000001","595.4","BCDEEE+BookmanOldStyle","12.0","318.84199999999987","297.7","0.03550890157877038","0.19054417198522003","0.6899294591871007","False","LAMPIRAN"
"5","hewani yang meliputi pertanian tanaman, budi daya dan pembibitan","113.45","524.1500000000001","241.95000000000005","253.95000000000005","595.4","BCDEEE+BookmanOldStyle","12.0","318.80000000000007","297.7","0.03543836076587182","0.19054417198522003","0.6897883775613035","False","LAMPIRAN"
"5","hewan, pemanenan kayu dan tanaman lainnya, penangkapan serta","113.45","524.018","255.95000000000005","267.95000000000005","595.4","BCDEEE+BookmanOldStyle","12.0","318.73400000000004","297.7","0.03532751091703065","0.19054417198522003","0.6895666778636211","False","LAMPIRAN"
"5","pembudidayaan ikan dan biota air lainnya, dan produksi produk","113.45","524.186","270.1500000000001","282.1500000000001","595.4","BCDEEE+BookmanOldStyle","12.0","318.81800000000004","297.7","0.03546859254282844","0.19054417198522003","0.6898488411152167","False","LAMPIRAN"
"5","hewan dari peternakan atau habitat aslinya.","113.45","375.48599999999993","284.1700000000001","296.1700000000001","595.4","BCDEEE+BookmanOldStyle","12.0","244.46799999999996","297.7","0.08940544171985225","0.19054417198522003","0.44010077258985547","False","LAMPIRAN"
"5","Kategori ini juga mencakup pertanian organik, budi daya tanaman","113.45","524.1379999999999","298.1700000000001","310.1700000000001","595.4","BCDEEE+BookmanOldStyle","12.0","318.794","297.7","0.03542828350688612","0.19054417198522003","0.6897682230433321","False","LAMPIRAN"
"5","tanpa tanah, hidroponik, akuaponik, akuakultur, budi daya tanaman","113.45","524.0419999999999","312.3800000000001","324.3800000000001","595.4","BCDEEE+BookmanOldStyle","12.0","318.746","297.7","0.03534766543500167","0.19054417198522003","0.6896069868995632","False","LAMPIRAN"
"5","rekayasa genetika dan hewan rekayasa genetika.","113.45","400.8859999999999","326.3800000000001","338.3800000000001","595.4","BCDEEE+BookmanOldStyle","12.0","257.16799999999995","297.7","0.06807524353375889","0.19054417198522003","0.4827611689620422","False","LAMPIRAN"
"5","Kategori ini tidak mencakup aktivitas rumah tangga yang","113.45","524.15","340.58000000000004","352.58000000000004","595.4","BCDEEE+BookmanOldStyle","12.0","318.8","297.7","0.03543836076587172","0.19054417198522003","0.6897883775613033","False","LAMPIRAN"
"5","memproduksi barang untuk kebutuhan sendiri yang tidak dapat","113.45","524.0779999999997","354.58000000000004","366.58000000000004","595.4","BCDEEE+BookmanOldStyle","12.0","318.7639999999999","297.7","0.03537789721195819","0.19054417198522003","0.6896674504534763","False","LAMPIRAN"
"5","dipisahkan yang diklasifikasikan dalam subgolongan 9810.","113.45","463.11800000000005","368.7800000000001","380.7800000000001","595.4","BCDEEE+BookmanOldStyle","12.0","288.28400000000005","297.7","0.01581457843466567","0.19054417198522003","0.5872824991602286","False","LAMPIRAN"
"5","01 PERTANIAN TANAMAN, PETERNAKAN, PERBURUAN, DAN KEGIATAN","70.825","524.3059999999999","396.80000000000007","408.80000000000007","595.4","BCDEEE+BookmanOldStyle","12.0","297.5655","297.7","0.00022589855559288332","0.11895364460866645","0.7616409136714812","True","LAMPIRAN"
"5","JASA TERKAIT","113.45","201.64999999999998","411.0000000000001","423.0000000000001","595.4","BCDEEE+BookmanOldStyle","12.0","157.54999999999998","297.7","0.23538797447094392","0.19054417198522003","0.14813570708767212","True","LAMPIRAN"
"5","Golongan pokok ini mencakup dua kegiatan dasar yakni produksi","113.45","524.0179999999999","425.0","437.0","595.4","BCDEEE+BookmanOldStyle","12.0","318.734","297.7","0.035327510917030555","0.19054417198522003","0.689566677863621","False","LAMPIRAN"
"5","tanaman dan hewan, yang meliputi kegiatan pertanian tanaman","113.45","523.8979999999998","439.2","451.2","595.4","BCDEEE+BookmanOldStyle","12.0","318.6739999999999","297.7","0.0352267383271749","0.19054417198522003","0.6893651326839096","False","LAMPIRAN"
"5","pangan, perkebunan, dan hortikultura; kegiatan pemeliharaan hewan;","113.45","524.2819999999999","453.2","465.2","595.4","BCDEEE+BookmanOldStyle","12.0","318.866","297.7","0.03554921061471279","0.19054417198522003","0.6900100772589854","False","LAMPIRAN"
"5","perburuan dan penangkapan; serta kegiatan jasa yang terkait.","113.45","482.2099999999999","467.40000000000003","479.40000000000003","595.4","BCDEEE+BookmanOldStyle","12.0","297.83","297.7","0.00021834061135370415","0.19054417198522003","0.6193483372522673","False","LAMPIRAN"
"5","Golongan pokok ini mencakup pertanian di lahan terbuka, di bawah","113.45","523.9699999999999","481.40000000000003","493.40000000000003","595.4","BCDEEE+BookmanOldStyle","12.0","318.71","297.7","0.03528720188108833","0.19054417198522003","0.6894860597917365","False","LAMPIRAN"
"5","penutup, atau di rumah kaca.","113.45","291.13399999999996","495.40000000000003","507.40000000000003","595.4","BCDEEE+BookmanOldStyle","12.0","202.29199999999997","297.7","0.16024185421565337","0.19054417198522003","0.29842794759825325","False","LAMPIRAN"
"5","Golongan pokok ini juga mencakup budi daya tanaman tanpa tanah,","113.45","524.018","509.63","521.63","595.4","BCDEEE+BookmanOldStyle","12.0","318.73400000000004","297.7","0.03532751091703065","0.19054417198522003","0.6895666778636211","False","LAMPIRAN"
"5","seperti hidroponik dan akuaponik. Kegiatan pertanian tidak","113.45","524.234","523.63","535.63","595.4","BCDEEE+BookmanOldStyle","12.0","318.84200000000004","297.7","0.035508901578770666","0.19054417198522003","0.6899294591871012","False","LAMPIRAN"
"5","mencakup kegiatan pengolahan dari komoditas pertanian yang","113.45","523.9340000000001","537.8299999999999","549.8299999999999","595.4","BCDEEE+BookmanOldStyle","12.0","318.69200000000006","297.7","0.035256970104131806","0.19054417198522003","0.6894255962378235","False","LAMPIRAN"
"5","termasuk dalam kategori C (industri). Penyiapan produk untuk pasar","113.45","524.388","551.8299999999999","563.8299999999999","595.4","BCDEEE+BookmanOldStyle","12.0","318.91900000000004","297.7","0.03563822640241863","0.19054417198522003","0.6901881088343972","False","LAMPIRAN"
"5","primer (pasar tempat produk dijual pertama kali) termasuk dalam","113.45","523.886","566.03","578.03","595.4","BCDEEE+BookmanOldStyle","12.0","318.668","297.7","0.035216661068189485","0.19054417198522003","0.6893449781659389","False","LAMPIRAN"
"5","golongan pokok ini.","113.45","228.83","580.02","592.02","595.4","BCDEEE+BookmanOldStyle","12.0","171.14000000000001","297.7","0.21256298286865968","0.19054417198522003","0.19378569029224055","False","LAMPIRAN"
"5","Kegiatan konstruksi lahan seperti pembuatan petak-petak sawah,","113.45","524.51","594.03","606.03","595.4","BCDEEE+BookmanOldStyle","12.0","318.98","297.7","0.035740678535438414","0.19054417198522003","0.6903930131004367","False","LAMPIRAN"
"5","saluran irigasi, saluran pembuangan air, serta pembersihan dan","113.45","524.0059999999997","608.23","620.23","595.4","BCDEEE+BookmanOldStyle","12.0","318.7279999999999","297.7","0.03531743365804486","0.19054417198522003","0.6895465233456496","False","LAMPIRAN"
"5","perbaikan lahan untuk pertanian tidak termasuk di sini, tetapi","113.45","524.0540000000001","622.25","634.25","595.4","BCDEEE+BookmanOldStyle","12.0","318.75200000000007","297.7","0.035357742693987365","0.19054417198522003","0.6896271414175347","False","LAMPIRAN"
"5","termasuk dalam kategori konstruksi (F). Pembeli dan asosiasi","113.45","524.0899999999999","636.45","648.45","595.4","BCDEEE+BookmanOldStyle","12.0","318.77","297.7","0.03538797447094389","0.19054417198522003","0.6896876049714477","False","LAMPIRAN"
"5","kooperatif yang bergerak di bidang pemasaran hasil pertanian","113.45","524.038","650.45","662.45","595.4","BCDEEE+BookmanOldStyle","12.0","318.744","297.7","0.03534430634867323","0.19054417198522003","0.6896002687269064","False","LAMPIRAN"
"5","diklasifikasikan pada kategori G.","113.45","307.20199999999994","664.6500000000001","676.6500000000001","595.4","BCDEEE+BookmanOldStyle","12.0","210.32599999999996","297.7","0.146748404433994","0.19054417198522003","0.325414847161572","False","LAMPIRAN"
"5","011 PERTANIAN TANAMAN SEMUSIM","70.825","311.98999999999995","692.65","704.65","595.4","BCDEEE+BookmanOldStyle","12.0","191.40749999999997","297.7","0.17852284178703395","0.11895364460866645","0.4050470272085992","True","LAMPIRAN"
"5","Golongan ini mencakup kegiatan penanaman tanaman yang","113.45","523.946","706.85","718.85","595.4","BCDEEE+BookmanOldStyle","12.0","318.69800000000004","297.7","0.03526704736311731","0.19054417198522003","0.6894457507557945","False","LAMPIRAN"
"5","berlangsung tidak lebih dari dua musim panen, termasuk penanaman","113.45","524.078","720.85","732.85","595.4","BCDEEE+BookmanOldStyle","12.0","318.764","297.7","0.03537789721195839","0.19054417198522003","0.6896674504534767","False","LAMPIRAN"
"5","tanaman untuk menghasilkan benih berupa biji/seed. Golongan ini","113.45","524.2700000000002","735.08","747.08","595.4","BCDEEE+BookmanOldStyle","12.0","318.8600000000001","297.7","0.035539133355727476","0.19054417198522003","0.6899899227410149","False","LAMPIRAN"
"5","juga mencakup kegiatan penanaman tanaman semusim di area atau","113.45","523.994","749.08","761.08","595.4","BCDEEE+BookmanOldStyle","12.0","318.72200000000004","297.7","0.03530735639905954","0.19054417198522003","0.6895263688276789","False","LAMPIRAN"
"5","lokasi hutan (agroforestry), termasuk penanaman tanaman semusim","113.45","524.226","763.28","775.28","595.4","BCDEEE+BookmanOldStyle","12.0","318.838","297.7","0.035502183406113594","0.19054417198522003","0.6899160228417871","False","LAMPIRAN"
"5","yang bertujuan untuk penyerapan dan penyimpanan karbon secara","113.45","524.054","777.28","789.28","595.4","BCDEEE+BookmanOldStyle","12.0","318.752","297.7","0.035357742693987275","0.19054417198522003","0.6896271414175345","False","LAMPIRAN"
"5","alami, serta penjualan kredit karbon atau sertifikat pengurangan","113.45","524.126","791.27","803.27","595.4","BCDEEE+BookmanOldStyle","12.0","318.788","297.7","0.03541820624790061","0.19054417198522003","0.6897480685253611","False","LAMPIRAN"
"5","emisi sebagai hasil dari kegiatan tersebut. Golongan ini tidak","113.45","524.1020000000003","805.48","817.48","595.4","BCDEEE+BookmanOldStyle","12.000000000000014","318.7760000000002","297.7","0.03539805172992978","0.19054417198522003","0.6897077594894194","False","LAMPIRAN"
"5","mencakup","113.45","175.058","819.48","831.48","595.4","BCDEEE+BookmanOldStyle","12.0","144.254","297.7","0.25771918038293584","0.19054417198522003","0.10347329526368826","False","LAMPIRAN"
"5","- kegiatan pembenihan tanaman yang berupa semaian","116.85","524.0139999999999","833.6750000000001","845.6750000000001","595.4","BCDEEE+BookmanOldStyle","12.0","320.43199999999996","297.7","0.03817937520994285","0.1962546187437017","0.6838495129324822","False","LAMPIRAN"
"5","benih/seedling, lihat subgolongan 0130;","134.65","372.6219999999999","847.7","859.7","595.4","BCDEEE+BookmanOldStyle","12.0","253.63599999999997","297.7","0.07400738998992278","0.22615048706751764","0.3996842458851191","False","LAMPIRAN"
"6","- 6 -","292.5","317.1","37.30000000000007","49.30000000000007","595.4","BCDEEE+BookmanOldStyle","12.0","304.8","297.7","0.011924756466241221","0.49126637554585156","0.04131676184077935","False","HALAMAN"
"6","- jasa penunjang pertanian dan jasa pascapanen atas dasar balas","116.85","524.0859999999998","72.73000000000002","84.73000000000002","595.4","BCDEEE+BookmanOldStyle","12.0","320.4679999999999","297.7","0.03823983876385609","0.1962546187437017","0.6839704400403087","False","LAMPIRAN"
"6","jasa atau kontrak, lihat golongan 016.","134.65","359.6859999999999","86.92000000000007","98.92000000000007","595.4","BCDEEE+BookmanOldStyle","12.0","247.16799999999995","297.7","0.0848706751763521","0.22615048706751764","0.37795767551226056","False","LAMPIRAN"
"6","0111 PERTANIAN SEREALIA (BUKAN PADI), ANEKA KACANG, DAN BIJI-","70.825","524.5799999999999","115.13000000000011","127.13000000000011","595.4","BCDEEE+BookmanOldStyle","12.0","297.7025","297.7","4.198857910644485e-06","0.11895364460866645","0.7621011084984883","True","LAMPIRAN"
"6","BIJIAN PENGHASIL MINYAK","113.45","282.18199999999996","129.1300000000001","141.1300000000001","595.4","BCDEEE+BookmanOldStyle","12.0","197.81599999999997","297.7","0.16775948941887808","0.19054417198522003","0.2833926771918038","True","LAMPIRAN"
"6","Subgolongan ini mencakup semua jenis pertanian tanaman serealia,","113.45","524.0540000000001","143.33000000000004","155.33000000000004","595.4","BCDEEE+BookmanOldStyle","12.0","318.75200000000007","297.7","0.035357742693987365","0.19054417198522003","0.6896271414175347","False","LAMPIRAN"
"6","aneka kacang, dan biji-bijian penghasil minyak di lahan terbuka","113.45","524.244","157.33000000000004","169.33000000000004","595.4","BCDEEE+BookmanOldStyle","12.0","318.84700000000004","297.7","0.03551729929459195","0.19054417198522003","0.6899462546187438","False","LAMPIRAN"
"6","untuk memperoleh hasil panen atau untuk memproduksi benih yang","113.45","524.1140000000001","171.55000000000007","183.55000000000007","595.4","BCDEEE+BookmanOldStyle","12.0","318.7820000000001","297.7","0.0354081289889152","0.19054417198522003","0.6897279140073903","False","LAMPIRAN"
"6","berupa biji. Pertanian tanaman-tanaman ini seringkali","113.45","524.414","185.55000000000007","197.55000000000007","595.4","BCDEEE+BookmanOldStyle","12.0","318.932","297.7","0.03566006046355396","0.19054417198522003","0.6902317769566678","False","LAMPIRAN"
"6","dikombinasikan dalam suatu unit pertanian.","113.45","378.48999999999995","199.55000000000007","211.55000000000007","595.4","BCDEEE+BookmanOldStyle","12.0","245.96999999999997","297.7","0.08688276788713473","0.19054417198522003","0.4451461202552905","False","LAMPIRAN"
"6","Subgolongan ini mencakup","113.45","274.178","213.7500000000001","225.7500000000001","595.4","BCDEEE+BookmanOldStyle","12.0","193.814","297.7","0.17448102116224387","0.19054417198522003","0.26994961370507226","False","LAMPIRAN"
"6","- pertanian serealia seperti gandum, jagung, sorgum, barli (barley),","116.85","523.9780000000001","227.7500000000001","239.7500000000001","595.4","BCDEEE+BookmanOldStyle","12.0","320.41400000000004","297.7","0.038149143432986324","0.1962546187437017","0.6837890493785691","False","LAMPIRAN"
"6","gandum hitam (rye), oat, millet, dan pseudosereal, yakni buah-","134.65","524.38","241.95000000000005","253.95000000000005","595.4","BCDEEE+BookmanOldStyle","12.0","329.515","297.7","0.053434665770910314","0.22615048706751764","0.6545683574067854","False","LAMPIRAN"
"6","buahan dan biji-bijian yang digunakan sebagai serealia, seperti","134.65","524.0260000000001","255.95000000000005","267.95000000000005","595.4","BCDEEE+BookmanOldStyle","12.0","329.338","297.7","0.05313738663083647","0.22615048706751764","0.6539737991266378","False","LAMPIRAN"
"6","kinoa, bayam biji, dan cia;","134.65","290.42199999999997","270.1500000000001","282.1500000000001","595.4","BCDEEE+BookmanOldStyle","12.0","212.536","297.7","0.14303661404098084","0.22615048706751764","0.261625797783003","False","LAMPIRAN"
"6","- pertanian kacang-kacangan, seperti kacang kedelai, kacang tanah,","116.85","524.31","284.1700000000001","296.1700000000001","595.4","BCDEEE+BookmanOldStyle","12.0","320.58","297.7","0.03842794759825327","0.1962546187437017","0.684346657709103","False","LAMPIRAN"
"6","kacang hijau, buncis, buncis besar, kacang panjang, cow peas,","134.65","523.7740000000001","298.1700000000001","310.1700000000001","595.4","BCDEEE+BookmanOldStyle","12.0","329.21200000000005","297.7","0.05292576419213984","0.22615048706751764","0.6535505542492445","False","LAMPIRAN"
"6","miju-miju, lupin, kacang polong, dan pigeon peas;","134.65","430.16999999999996","312.3800000000001","324.3800000000001","595.4","BCDEEE+BookmanOldStyle","12.0","282.40999999999997","297.7","0.02568021498152506","0.22615048706751764","0.49633859590191465","False","LAMPIRAN"
"6","- pertanian biji-bijian penghasil minyak, seperti biji kapas, biji jarak,","116.85","524.196","326.3800000000001","338.3800000000001","595.4","BCDEEE+BookmanOldStyle","12.0","320.523","297.7","0.03833221363789056","0.1962546187437017","0.6841551897883776","False","LAMPIRAN"
"6","biji rami, biji moster, niger seed, biji sesawi, biji wijen, biji","134.65","523.8340000000002","340.58000000000004","352.58000000000004","595.4","BCDEEE+BookmanOldStyle","12.0","329.2420000000001","297.7","0.052976150487067664","0.22615048706751764","0.6536513268391001","False","LAMPIRAN"
"6","safflower, dan biji bunga matahari.","134.65","340.73799999999994","354.58000000000004","366.58000000000004","595.4","BCDEEE+BookmanOldStyle","12.0","237.69399999999996","297.7","0.1007826671145449","0.22615048706751764","0.34613369163587493","False","LAMPIRAN"
"6","Subgolongan ini tidak mencakup","113.45","307.958","368.7800000000001","380.7800000000001","595.4","BCDEEE+BookmanOldStyle","12.0","210.704","297.7","0.1461135371179039","0.19054417198522003","0.32668458179375215","False","LAMPIRAN"
"6","- pertanian padi, lihat subgolongan 0112;","116.85","370.74999999999994","382.7800000000001","394.7800000000001","595.4","BCDEEE+BookmanOldStyle","12.0","243.79999999999995","297.7","0.09052737655357748","0.1962546187437017","0.42643600940544163","False","LAMPIRAN"
"6","- pertanian jagung manis, lihat subgolongan 0113;","116.85","424.89399999999995","396.80000000000007","408.80000000000007","595.4","BCDEEE+BookmanOldStyle","12.0","270.87199999999996","297.7","0.04505878401074913","0.1962546187437017","0.5173731944910984","False","LAMPIRAN"
"6","- pertanian jagung (maize), lupin, dan kale untuk makanan ternak,","116.85","524.0740000000001","411.0000000000001","423.0000000000001","595.4","BCDEEE+BookmanOldStyle","12.0","320.46200000000005","297.7","0.03822976150487077","0.1962546187437017","0.683950285522338","False","LAMPIRAN"
"6","lihat subgolongan 0119;","134.65","277.21","425.0","437.0","595.4","BCDEEE+BookmanOldStyle","12.0","205.93","297.7","0.15413167618407791","0.22615048706751764","0.23943567349680883","False","LAMPIRAN"
"6","- pertanian buah-buahan penghasil minyak, lihat subgolongan","116.85","524.362","439.2","451.2","595.4","BCDEEE+BookmanOldStyle","12.0","320.606","297.7","0.03847161572052403","0.1962546187437017","0.6844339939536446","False","LAMPIRAN"
"6","0126.","134.65","168.09","453.2","465.2","595.4","BCDEEE+BookmanOldStyle","12.0","151.37","297.7","0.2457675512260665","0.22615048706751764","0.05616392341283171","False","LAMPIRAN"
"6","01111 PERTANIAN JAGUNG","70.825","240.194","481.40000000000003","493.40000000000003","595.4","BCDEEE+BookmanOldStyle","12.0","155.5095","297.7","0.23881508229761503","0.11895364460866645","0.284462546187437","True","LAMPIRAN"
"6","Kelompok ini mencakup kegiatan pertanian jagung, termasuk di","113.45","524.138","495.40000000000003","507.40000000000003","595.4","BCDEEE+BookmanOldStyle","12.0","318.79400000000004","297.7","0.03542828350688621","0.19054417198522003","0.6897682230433323","False","LAMPIRAN"
"6","dalamnya kegiatan pengolahan lahan, penanaman, pemeliharaan,","113.45","524.1139999999999","509.63","521.63","595.4","BCDEEE+BookmanOldStyle","12.0","318.782","297.7","0.035408128988915","0.19054417198522003","0.6897279140073899","False","LAMPIRAN"
"6","pemanenan, dan kegiatan pascapanen yang dilakukan sebagai satu","113.45","524.042","523.63","535.63","595.4","BCDEEE+BookmanOldStyle","12.0","318.74600000000004","297.7","0.035347665435001764","0.19054417198522003","0.6896069868995635","False","LAMPIRAN"
"6","rangkaian kegiatan. Kelompok ini juga mencakup kegiatan","113.45","524.018","537.8299999999999","549.8299999999999","595.4","BCDEEE+BookmanOldStyle","12.0","318.73400000000004","297.7","0.03532751091703065","0.19054417198522003","0.6895666778636211","False","LAMPIRAN"
"6","penanaman jagung untuk menghasilkan benih berupa biji. Kelompok","113.45","524.296","551.8299999999999","563.8299999999999","595.4","BCDEEE+BookmanOldStyle","12.0","318.87300000000005","297.7","0.03556096741686271","0.19054417198522003","0.6900335908632853","False","LAMPIRAN"
"6","ini tidak mencakup pertanian jagung manis, lihat kelompok 01133.","113.45","511.4899999999999","566.03","578.03","595.4","BCDEEE+BookmanOldStyle","12.0","312.46999999999997","297.7","0.02480685253611015","0.19054417198522003","0.6685253611017802","False","LAMPIRAN"
"6","01112 PERTANIAN SEREALIA SELAIN PADI DAN JAGUNG","70.825","417.71000000000004","594.03","606.03","595.4","BCDEEE+BookmanOldStyle","12.0","244.2675","297.7","0.08974219012428616","0.11895364460866645","0.5826083305340948","True","LAMPIRAN"
"6","Kelompok ini mencakup kegiatan pertanian serealia selain padi dan","113.45","524.0299999999999","608.23","620.23","595.4","BCDEEE+BookmanOldStyle","12.0","318.73999999999995","297.7","0.035337588176016066","0.19054417198522003","0.689586832381592","False","LAMPIRAN"
"6","jagung, seperti gandum (wheat/oats), sorgum/cantel, barli (barley),","113.45","524.1500000000001","622.25","634.25","595.4","BCDEEE+BookmanOldStyle","12.0","318.80000000000007","297.7","0.03543836076587182","0.19054417198522003","0.6897883775613035","False","LAMPIRAN"
"6","gandum hitam (rye), dan jawawut. Pertanian serealia selain padi dan","113.45","523.958","636.45","648.45","595.4","BCDEEE+BookmanOldStyle","12.0","318.704","297.7","0.03527712462210282","0.19054417198522003","0.6894659052737655","False","LAMPIRAN"
"6","jagung yang dimaksud mencakup kegiatan pengolahan lahan,","113.45","524.802","650.45","662.45","595.4","BCDEEE+BookmanOldStyle","12.0","319.12600000000003","297.7","0.0359858918374203","0.19054417198522003","0.6908834397044005","False","LAMPIRAN"
"6","penanaman, pemeliharaan, pemanenan, dan kegiatan pascapanen","113.45","524.0659999999999","664.6500000000001","676.6500000000001","595.4","BCDEEE+BookmanOldStyle","12.0","318.758","297.7","0.03536781995297278","0.19054417198522003","0.6896472959355054","False","LAMPIRAN"
"6","yang dilakukan sebagai satu rangkaian kegiatan. Kelompok ini juga","113.45","523.9820000000001","678.6500000000001","690.65","595.4","BCDEEE+BookmanOldStyle","11.999999999999972","318.71600000000007","297.7","0.03529727914007403","0.19054417198522003","0.6895062143097079","False","LAMPIRAN"
"6","mencakup kegiatan penanaman tanaman serealia selain padi dan","113.45","523.958","692.65","704.65","595.4","BCDEEE+BookmanOldStyle","12.0","318.704","297.7","0.03527712462210282","0.19054417198522003","0.6894659052737655","False","LAMPIRAN"
"6","jagung untuk menghasilkan benih berupa biji.","113.45","387.338","706.85","718.85","595.4","BCDEEE+BookmanOldStyle","12.0","250.394","297.7","0.07945246892845144","0.19054417198522003","0.4600067181726571","False","LAMPIRAN"
"6","01113 PERTANIAN KEDELAI","70.825","242.51","735.08","747.08","595.4","BCDEEE+BookmanOldStyle","12.0","156.6675","297.7","0.23687017131340277","0.11895364460866645","0.2883523681558616","True","LAMPIRAN"
"6","Kelompok ini mencakup kegiatan pertanian kedelai, termasuk di","113.45","524.174","749.08","761.08","595.4","BCDEEE+BookmanOldStyle","12.0","318.812","297.7","0.035458515283842834","0.19054417198522003","0.6898286865972456","False","LAMPIRAN"
"6","dalamnya kegiatan pengolahan lahan, penanaman, pemeliharaan,","113.45","524.1139999999999","763.28","775.28","595.4","BCDEEE+BookmanOldStyle","12.0","318.782","297.7","0.035408128988915","0.19054417198522003","0.6897279140073899","False","LAMPIRAN"
"6","pemanenan, dan kegiatan pascapanen yang dilakukan sebagai satu","113.45","524.042","777.28","789.28","595.4","BCDEEE+BookmanOldStyle","12.0","318.74600000000004","297.7","0.035347665435001764","0.19054417198522003","0.6896069868995635","False","LAMPIRAN"
"6","rangkaian kegiatan. Kelompok ini tidak mencakup pertanian kedelai","113.45","524.09","791.27","803.27","595.4","BCDEEE+BookmanOldStyle","12.0","318.77000000000004","297.7","0.03538797447094399","0.19054417198522003","0.6896876049714479","False","LAMPIRAN"
"6","sayur/edamame, lihat kelompok 01116.","113.45","349.82199999999995","805.48","817.48","595.4","BCDEEE+BookmanOldStyle","12.000000000000014","231.63599999999997","297.7","0.11095733960362786","0.19054417198522003","0.3969969768223043","False","LAMPIRAN"
"6","01114 PERTANIAN KACANG TANAH","70.825","285.758","833.6750000000001","845.6750000000001","595.4","BCDEEE+BookmanOldStyle","12.0","178.29149999999998","297.7","0.2005517299294592","0.11895364460866645","0.36098925092374873","True","LAMPIRAN"
"6","Kelompok ini mencakup kegiatan pertanian kacang tanah, termasuk","113.45","524.066","847.7","859.7","595.4","BCDEEE+BookmanOldStyle","12.0","318.75800000000004","297.7","0.035367819952972876","0.19054417198522003","0.6896472959355057","False","LAMPIRAN"
"7","- 7 -","271.1","295.7","37.30000000000007","49.30000000000007","595.4","BCDEEE+BookmanOldStyle","12.0","283.4","297.7","0.024017467248908318","0.45532415183070213","0.04131676184077925","False","HALAMAN"
"7","di dalamnya kegiatan pengolahan lahan, penanaman, pemeliharaan,","113.45","524.0899999999999","72.73000000000002","84.73000000000002","595.4","BCDEEE+BookmanOldStyle","12.0","318.77","297.7","0.03538797447094389","0.19054417198522003","0.6896876049714477","False","LAMPIRAN"
"7","pemanenan, dan kegiatan pascapanen yang dilakukan sebagai satu","113.45","524.042","86.92000000000007","98.92000000000007","595.4","BCDEEE+BookmanOldStyle","12.0","318.74600000000004","297.7","0.035347665435001764","0.19054417198522003","0.6896069868995635","False","LAMPIRAN"
"7","rangkaian kegiatan.","113.45","230.77399999999997","100.92000000000007","112.92000000000007","595.4","BCDEEE+BookmanOldStyle","12.0","172.112","297.7","0.21093046691299966","0.19054417198522003","0.1970507222035606","False","LAMPIRAN"
"7","01115 PERTANIAN KACANG HIJAU","70.825","281.92999999999995","129.1300000000001","141.1300000000001","595.4","BCDEEE+BookmanOldStyle","12.0","176.37749999999997","297.7","0.20376637554585156","0.11895364460866645","0.354559959690964","True","LAMPIRAN"
"7","Kelompok ini mencakup kegiatan pertanian kacang hijau, termasuk di","113.45","524.1979999999999","143.33000000000004","155.33000000000004","595.4","BCDEEE+BookmanOldStyle","12.0","318.82399999999996","297.7","0.03547866980181385","0.19054417198522003","0.6898689956331876","False","LAMPIRAN"
"7","dalamnya kegiatan pengolahan lahan, penanaman, pemeliharaan,","113.45","524.1139999999999","157.33000000000004","169.33000000000004","595.4","BCDEEE+BookmanOldStyle","12.0","318.782","297.7","0.035408128988915","0.19054417198522003","0.6897279140073899","False","LAMPIRAN"
"7","pemanenan, dan kegiatan pascapanen yang dilakukan sebagai satu","113.45","524.042","171.55000000000007","183.55000000000007","595.4","BCDEEE+BookmanOldStyle","12.0","318.74600000000004","297.7","0.035347665435001764","0.19054417198522003","0.6896069868995635","False","LAMPIRAN"
"7","rangkaian kegiatan.","113.45","230.77399999999997","185.55000000000007","197.55000000000007","595.4","BCDEEE+BookmanOldStyle","12.0","172.112","297.7","0.21093046691299966","0.19054417198522003","0.1970507222035606","False","LAMPIRAN"
"7","01116 PERTANIAN ANEKA KACANG SELAIN KEDELAI, KACANG TANAH,","70.825","524.1500000000001","213.7500000000001","225.7500000000001","595.4","BCDEEE+BookmanOldStyle","12.0","297.48750000000007","297.7","0.00035690292240497215","0.11895364460866645","0.7613789049378571","True","LAMPIRAN"
"7","DAN KACANG HIJAU","113.45","238.33399999999995","227.7500000000001","239.7500000000001","595.4","BCDEEE+BookmanOldStyle","12.0","175.89199999999997","297.7","0.20458179375209948","0.19054417198522003","0.20974806852536101","True","LAMPIRAN"
"7","Kelompok ini mencakup kegiatan pertanian aneka kacang lainnya,","113.45","524.126","241.95000000000005","253.95000000000005","595.4","BCDEEE+BookmanOldStyle","12.0","318.788","297.7","0.03541820624790061","0.19054417198522003","0.6897480685253611","False","LAMPIRAN"
"7","seperti buncis, buncis besar, kacang panjang, kapri, kecipir, miju-","113.45","524.5799999999999","255.95000000000005","267.95000000000005","595.4","BCDEEE+BookmanOldStyle","12.0","319.015","297.7","0.03579946254618743","0.19054417198522003","0.6905105811219348","False","LAMPIRAN"
"7","miju, lupin, kacang polong, kacang merah, koro, gude, dan kacang","113.45","524.186","270.1500000000001","282.1500000000001","595.4","BCDEEE+BookmanOldStyle","12.0","318.81800000000004","297.7","0.03546859254282844","0.19054417198522003","0.6898488411152167","False","LAMPIRAN"
"7","tunggak. Pertanian aneka kacang yang dimaksud mencakup kegiatan","113.45","524.4839999999999","284.1700000000001","296.1700000000001","595.4","BCDEEE+BookmanOldStyle","12.0","318.967","297.7","0.035718844474302985","0.19054417198522003","0.6903493449781658","False","LAMPIRAN"
"7","pengolahan lahan, penyemaian, penanaman, pemeliharaan,","113.45","524.198","298.1700000000001","310.1700000000001","595.4","BCDEEE+BookmanOldStyle","12.0","318.824","297.7","0.035478669801813946","0.19054417198522003","0.6898689956331878","False","LAMPIRAN"
"7","pemanenan, dan kegiatan pascapanen yang dilakukan sebagai satu","113.45","524.042","312.3800000000001","324.3800000000001","595.4","BCDEEE+BookmanOldStyle","12.0","318.74600000000004","297.7","0.035347665435001764","0.19054417198522003","0.6896069868995635","False","LAMPIRAN"
"7","rangkaian kegiatan.","113.45","230.77399999999997","326.3800000000001","338.3800000000001","595.4","BCDEEE+BookmanOldStyle","12.0","172.112","297.7","0.21093046691299966","0.19054417198522003","0.1970507222035606","False","LAMPIRAN"
"7","01117 PERTANIAN BIJI-BIJIAN PENGHASIL MINYAK MAKAN","70.825","434.05199999999996","354.58000000000004","366.58000000000004","595.4","BCDEEE+BookmanOldStyle","12.0","252.43849999999998","297.7","0.0760186429291233","0.11895364460866645","0.6100554249244206","True","LAMPIRAN"
"7","Kelompok ini mencakup kegiatan pertanian biji-bijian penghasil","113.45","524.51","368.7800000000001","380.7800000000001","595.4","BCDEEE+BookmanOldStyle","12.0","318.98","297.7","0.035740678535438414","0.19054417198522003","0.6903930131004367","False","LAMPIRAN"
"7","minyak makan, seperti biji wijen, biji kanola, biji safflower, dan biji","113.45","524.1379999999999","382.7800000000001","394.7800000000001","595.4","BCDEEE+BookmanOldStyle","12.0","318.794","297.7","0.03542828350688612","0.19054417198522003","0.6897682230433321","False","LAMPIRAN"
"7","bunga matahari. Pertanian biji-bijian penghasil minyak makan yang","113.45","524.4079999999999","396.80000000000007","408.80000000000007","595.4","BCDEEE+BookmanOldStyle","12.0","318.929","297.7","0.035655021834061114","0.19054417198522003","0.6902216996976821","False","LAMPIRAN"
"7","dimaksud mencakup kegiatan pengolahan lahan, penanaman,","113.45","524.3539999999999","411.0000000000001","423.0000000000001","595.4","BCDEEE+BookmanOldStyle","12.0","318.902","297.7","0.035609674168626135","0.19054417198522003","0.6901310043668122","False","LAMPIRAN"
"7","pemeliharaan, pemanenan, dan kegiatan pascapanen yang dilakukan","113.45","524.006","425.0","437.0","595.4","BCDEEE+BookmanOldStyle","12.0","318.728","297.7","0.035317433658045044","0.19054417198522003","0.68954652334565","False","LAMPIRAN"
"7","sebagai satu rangkaian kegiatan.","113.45","308.114","439.2","451.2","595.4","BCDEEE+BookmanOldStyle","12.0","210.78199999999998","297.7","0.14598253275109171","0.19054417198522003","0.32694659052737657","False","LAMPIRAN"
"7","01118 PERTANIAN BIJI-BIJIAN PENGHASIL MINYAK SELAIN MINYAK","70.825","524.2959999999999","467.40000000000003","479.40000000000003","595.4","BCDEEE+BookmanOldStyle","12.0","297.5605","297.7","0.0002342962714141723","0.11895364460866645","0.7616241182398387","True","LAMPIRAN"
"7","MAKAN","113.45","158.30599999999998","481.40000000000003","493.40000000000003","595.4","BCDEEE+BookmanOldStyle","12.0","135.878","297.7","0.27178703392677195","0.19054417198522003","0.07533758817601609","True","LAMPIRAN"
"7","Kelompok ini mencakup kegiatan pertanian biji-bijian penghasil","113.45","524.51","495.40000000000003","507.40000000000003","595.4","BCDEEE+BookmanOldStyle","12.0","318.98","297.7","0.035740678535438414","0.19054417198522003","0.6903930131004367","False","LAMPIRAN"
"7","minyak selain minyak makan, seperti biji kapas, biji rami, biji moster,","113.45","524.0899999999999","509.63","521.63","595.4","BCDEEE+BookmanOldStyle","12.0","318.77","297.7","0.03538797447094389","0.19054417198522003","0.6896876049714477","False","LAMPIRAN"
"7","niger seed, dan biji jarak pohon. Pertanian biji-bijian penghasil minyak","113.45","524.514","523.63","535.63","595.4","BCDEEE+BookmanOldStyle","12.0","318.982","297.7","0.03574403762176695","0.19054417198522003","0.6903997312730937","False","LAMPIRAN"
"7","selain minyak makan yang dimaksud mencakup kegiatan pengolahan","113.45","524.578","537.8299999999999","549.8299999999999","595.4","BCDEEE+BookmanOldStyle","12.0","319.014","297.7","0.03579778300302321","0.19054417198522003","0.6905072220356063","False","LAMPIRAN"
"7","lahan, penanaman, pemeliharaan, pemanenan, dan kegiatan","113.45","524.2579999999999","551.8299999999999","563.8299999999999","595.4","BCDEEE+BookmanOldStyle","12.0","318.854","297.7","0.03552905609674168","0.19054417198522003","0.6899697682230432","False","LAMPIRAN"
"7","pascapanen yang dilakukan sebagai satu rangkaian kegiatan.","113.45","477.398","566.03","578.03","595.4","BCDEEE+BookmanOldStyle","12.0","295.42400000000004","297.7","0.003822640241854138","0.19054417198522003","0.6112663755458516","False","LAMPIRAN"
"7","0112 PERTANIAN PADI","70.825","216.698","594.03","606.03","595.4","BCDEEE+BookmanOldStyle","12.0","143.7615","297.7","0.2585463553913335","0.11895364460866645","0.245","True","LAMPIRAN"
"7","Subgolongan ini mencakup pertanian padi, termasuk kegiatan","113.45","524.198","608.23","620.23","595.4","BCDEEE+BookmanOldStyle","12.0","318.824","297.7","0.035478669801813946","0.19054417198522003","0.6898689956331878","False","LAMPIRAN"
"7","pembenihan tanaman padi. Budi daya ikan di sawah (mina padi)","113.45","524.03","622.25","634.25","595.4","BCDEEE+BookmanOldStyle","12.0","318.74","297.7","0.035337588176016156","0.19054417198522003","0.6895868323815922","False","LAMPIRAN"
"7","digolongkan dalam kegiatan perikanan.","113.45","346.30999999999995","636.45","648.45","595.4","BCDEEE+BookmanOldStyle","12.0","229.87999999999997","297.7","0.11390661740006722","0.19054417198522003","0.39109842122942556","False","LAMPIRAN"
"7","01121 PERTANIAN PADI HIBRIDA","70.825","273.542","664.6500000000001","676.6500000000001","595.4","BCDEEE+BookmanOldStyle","12.0","172.18349999999998","297.7","0.21081037957675514","0.11895364460866645","0.34047195162915683","True","LAMPIRAN"
"7","Kelompok ini mencakup kegiatan pertanian padi hibrida, termasuk di","113.45","524.2459999999999","678.6500000000001","690.65","595.4","BCDEEE+BookmanOldStyle","11.999999999999972","318.84799999999996","297.7","0.03551897883775608","0.19054417198522003","0.689949613705072","False","LAMPIRAN"
"7","dalamnya kegiatan pengolahan lahan, penyemaian, penanaman,","113.45","524.126","692.65","704.65","595.4","BCDEEE+BookmanOldStyle","12.0","318.788","297.7","0.03541820624790061","0.19054417198522003","0.6897480685253611","False","LAMPIRAN"
"7","pemeliharaan, pemanenan, dan kegiatan pascapanen yang dilakukan","113.45","524.006","706.85","718.85","595.4","BCDEEE+BookmanOldStyle","12.0","318.728","297.7","0.035317433658045044","0.19054417198522003","0.68954652334565","False","LAMPIRAN"
"7","sebagai satu rangkaian kegiatan sampai dengan dihasilkan gabah.","113.45","524.2580000000002","720.85","732.85","595.4","BCDEEE+BookmanOldStyle","12.0","318.8540000000001","297.7","0.035529056096741875","0.19054417198522003","0.6899697682230437","False","LAMPIRAN"
"7","Kelompok ini juga mencakup kegiatan penanaman padi hibrida untuk","113.45","524.202","735.08","747.08","595.4","BCDEEE+BookmanOldStyle","12.0","318.826","297.7","0.03548202888814248","0.19054417198522003","0.6898757138058449","False","LAMPIRAN"
"7","menghasilkan benih berupa biji. Padi hibrida adalah keturunan","113.45","524.0539999999999","749.08","761.08","595.4","BCDEEE+BookmanOldStyle","12.0","318.75199999999995","297.7","0.03535774269398718","0.19054417198522003","0.6896271414175342","False","LAMPIRAN"
"7","pertama (F1) yang dihasilkan dari persilangan antara dua galur atau","113.45","524.1499999999999","763.28","775.28","595.4","BCDEEE+BookmanOldStyle","12.0","318.79999999999995","297.7","0.035438360765871625","0.19054417198522003","0.6897883775613032","False","LAMPIRAN"
"7","lebih tetua pembentuknya dan/atau galur/inbrida homozigot,","113.45","524.138","777.28","789.28","595.4","BCDEEE+BookmanOldStyle","12.0","318.79400000000004","297.7","0.03542828350688621","0.19054417198522003","0.6897682230433323","False","LAMPIRAN"
"7","contohnya: Bernas Super, Bernas Prima, Sembada B3, Sembada 626,","113.45","524.2739999999998","791.27","803.27","595.4","BCDEEE+BookmanOldStyle","12.0","318.8619999999999","297.7","0.03554249244205563","0.19054417198522003","0.6899966409136712","False","LAMPIRAN"
"7","Sembada 989, SL 11 SHS, Bridantara 3, dan PP5. Turunan dari padi","113.45","524.066","805.48","817.48","595.4","BCDEEE+BookmanOldStyle","12.000000000000014","318.75800000000004","297.7","0.035367819952972876","0.19054417198522003","0.6896472959355057","False","LAMPIRAN"
"7","hibrida tidak termasuk sebagai padi hibrida.","113.45","376.12999999999994","819.48","831.48","595.4","BCDEEE+BookmanOldStyle","12.0","244.78999999999996","297.7","0.08886462882096074","0.19054417198522003","0.4411823983876385","False","LAMPIRAN"
"8","- 8 -","292.5","317.1","37.30000000000007","49.30000000000007","595.4","BCDEEE+BookmanOldStyle","12.0","304.8","297.7","0.011924756466241221","0.49126637554585156","0.04131676184077935","False","HALAMAN"
"8","01122 PERTANIAN PADI INBRIDA","70.825","272.738","72.73000000000002","84.73000000000002","595.4","BCDEEE+BookmanOldStyle","12.0","171.7815","297.7","0.21148555592878737","0.11895364460866645","0.3391215989250924","True","LAMPIRAN"
"8","Kelompok ini mencakup kegiatan pertanian padi inbrida (selain padi","113.45","524.1140000000001","86.92000000000007","98.92000000000007","595.4","BCDEEE+BookmanOldStyle","12.0","318.7820000000001","297.7","0.0354081289889152","0.19054417198522003","0.6897279140073903","False","LAMPIRAN"
"8","hibrida) termasuk di dalamnya kegiatan pengolahan lahan,","113.45","462.43399999999997","100.92000000000007","112.92000000000007","595.4","BCDEEE+BookmanOldStyle","12.0","287.942","297.7","0.016388982196842428","0.19054417198522003","0.586133691635875","False","LAMPIRAN"
"8","penyemaian, penanaman, pemeliharaan, pemanenan, dan kegiatan","113.45","524.0539999999999","115.13000000000011","127.13000000000011","595.4","BCDEEE+BookmanOldStyle","12.0","318.75199999999995","297.7","0.03535774269398718","0.19054417198522003","0.6896271414175342","False","LAMPIRAN"
"8","pascapanen yang dilakukan sebagai satu kesatuan kegiatan sampai","113.45","524.006","129.1300000000001","141.1300000000001","595.4","BCDEEE+BookmanOldStyle","12.0","318.728","297.7","0.035317433658045044","0.19054417198522003","0.68954652334565","False","LAMPIRAN"
"8","dengan dihasilkan gabah. Kelompok ini juga mencakup kegiatan","113.45","524.0659999999999","143.33000000000004","155.33000000000004","595.4","BCDEEE+BookmanOldStyle","12.0","318.758","297.7","0.03536781995297278","0.19054417198522003","0.6896472959355054","False","LAMPIRAN"
"8","penanaman padi inbrida untuk menghasilkan benih berupa biji. Padi","113.45","524.066","157.33000000000004","169.33000000000004","595.4","BCDEEE+BookmanOldStyle","12.0","318.75800000000004","297.7","0.035367819952972876","0.19054417198522003","0.6896472959355057","False","LAMPIRAN"
"8","inbrida adalah varietas yang dikembangkan dari satu tanaman","113.45","523.9299999999997","171.55000000000007","183.55000000000007","595.4","BCDEEE+BookmanOldStyle","12.0","318.6899999999999","297.7","0.035253611017802985","0.19054417198522003","0.6894188780651659","False","LAMPIRAN"
"8","melalui penyerbukan sendiri sehingga memiliki tingkat kemurnian","113.45","524.3180000000001","185.55000000000007","197.55000000000007","595.4","BCDEEE+BookmanOldStyle","12.0","318.88400000000007","297.7","0.03557944239166961","0.19054417198522003","0.6900705408128991","False","LAMPIRAN"
"8","atau homozigositas yang tinggi, contohnya: Memberamo, Mekongga,","113.45","524.0899999999999","199.55000000000007","211.55000000000007","595.4","BCDEEE+BookmanOldStyle","12.0","318.77","297.7","0.03538797447094389","0.19054417198522003","0.6896876049714477","False","LAMPIRAN"
"8","Ciherang, IR-6, Inpari, Inpara, Inpago, Pak Tiwi, IPB 15S, serta padi","113.45","524.2119999999999","213.7500000000001","225.7500000000001","595.4","BCDEEE+BookmanOldStyle","12.0","318.83099999999996","297.7","0.035490426603963676","0.19054417198522003","0.6898925092374872","False","LAMPIRAN"
"8","varietas lokal yang telah ada dan dibudidayakan secara turun","113.45","524.1499999999999","227.7500000000001","239.7500000000001","595.4","BCDEEE+BookmanOldStyle","12.0","318.79999999999995","297.7","0.035438360765871625","0.19054417198522003","0.6897883775613032","False","LAMPIRAN"
"8","temurun oleh petani, seperti Rojo Lele, Pandan Wangi, dan Pusaka","113.45","524.09","241.95000000000005","253.95000000000005","595.4","BCDEEE+BookmanOldStyle","12.0","318.77000000000004","297.7","0.03538797447094399","0.19054417198522003","0.6896876049714479","False","LAMPIRAN"
"8","Bhagasasi.","113.45","177.434","255.95000000000005","267.95000000000005","595.4","BCDEEE+BookmanOldStyle","12.0","145.442","297.7","0.25572388310379573","0.19054417198522003","0.10746388982196842","False","LAMPIRAN"
"8","0113 PERTANIAN SAYURAN, BUAH, DAN UMBI","70.825","361.17799999999994","284.1700000000001","296.1700000000001","595.4","BCDEEE+BookmanOldStyle","12.0","216.00149999999996","297.7","0.13721615720524022","0.11895364460866645","0.4876603963721867","True","LAMPIRAN"
"8","Subgolongan ini mencakup","113.45","274.178","298.1700000000001","310.1700000000001","595.4","BCDEEE+BookmanOldStyle","12.0","193.814","297.7","0.17448102116224387","0.19054417198522003","0.26994961370507226","False","LAMPIRAN"
"8","- pertanian sayuran daun dan tangkai, seperti articok, asparagus,","116.85","523.8699999999999","312.3800000000001","324.3800000000001","595.4","BCDEEE+BookmanOldStyle","12.0","320.35999999999996","297.7","0.03805844810211617","0.1962546187437017","0.6836076587168288","False","LAMPIRAN"
"8","kol, kembang kol, brokoli, selada, chicory, dan bayam;","134.65","455.566","326.3800000000001","338.3800000000001","595.4","BCDEEE+BookmanOldStyle","12.0","295.108","297.7","0.004353375881760136","0.22615048706751764","0.5389922741014443","False","LAMPIRAN"
"8","- pertanian buah yang dipakai sebagai sayuran, seperti mentimun,","116.85","523.9300000000002","340.58000000000004","352.58000000000004","595.4","BCDEEE+BookmanOldStyle","12.0","320.3900000000001","297.7","0.03810883439704419","0.1962546187437017","0.6837084313066849","False","LAMPIRAN"
"8","terong, tomat, dan melon-melonan;","134.65","342.508","354.58000000000004","366.58000000000004","595.4","BCDEEE+BookmanOldStyle","12.0","238.579","297.7","0.09929627141417531","0.22615048706751764","0.349106483036614","False","LAMPIRAN"
"8","- pertanian sayuran umbi dan akar, seperti wortel, lobak cina,","116.85","524.0500000000002","368.7800000000001","380.7800000000001","595.4","BCDEEE+BookmanOldStyle","12.0","320.4500000000001","297.7","0.038209606986899756","0.1962546187437017","0.683909976486396","False","LAMPIRAN"
"8","bawang putih, bawang bombai, bawang merah, bawang perai, dan","134.65","523.8339999999997","382.7800000000001","394.7800000000001","595.4","BCDEEE+BookmanOldStyle","12.0","329.24199999999985","297.7","0.05297615048706728","0.22615048706751764","0.6536513268390993","False","LAMPIRAN"
"8","sayuran alliaceous lainnya;","134.65","295.94199999999995","396.80000000000007","408.80000000000007","595.4","BCDEEE+BookmanOldStyle","12.0","215.296","297.7","0.13840107490762513","0.22615048706751764","0.2708968760497144","False","LAMPIRAN"
"8","- pertanian jamur dan truffle;","116.85","299.758","411.0000000000001","423.0000000000001","595.4","BCDEEE+BookmanOldStyle","12.0","208.30399999999997","297.7","0.15014444071212632","0.1962546187437017","0.30720188108834395","False","LAMPIRAN"
"8","- pertanian dari benih sayuran, termasuk benih tanaman bit gula","116.85","523.966","425.0","437.0","595.4","BCDEEE+BookmanOldStyle","12.0","320.408","297.7","0.038139066174000716","0.1962546187437017","0.6837688948605979","False","LAMPIRAN"
"8","selain benih tanaman bit lainnya;","134.65","333.12999999999994","439.2","451.2","595.4","BCDEEE+BookmanOldStyle","12.0","233.89","297.7","0.10717164931138731","0.22615048706751764","0.33335572724219004","False","LAMPIRAN"
"8","- pertanian bit gula;","116.85","243.79","453.2","465.2","595.4","BCDEEE+BookmanOldStyle","12.0","180.32","297.7","0.19714477662075916","0.1962546187437017","0.21320120927107827","False","LAMPIRAN"
"8","- pertanian cabai dan paprika (Capsicum spp.);","116.85","403.94199999999995","467.40000000000003","479.40000000000003","595.4","BCDEEE+BookmanOldStyle","12.0","260.39599999999996","297.7","0.06265367819952979","0.1962546187437017","0.4821834061135371","False","LAMPIRAN"
"8","- pertanian tanaman aneka umbi dan akar, seperti kentang, ubi","116.85","524.026","481.40000000000003","493.40000000000003","595.4","BCDEEE+BookmanOldStyle","12.0","320.438","297.7","0.03818945246892845","0.1962546187437017","0.6838696674504534","False","LAMPIRAN"
"8","jalar, ubi kayu, ubi jalar, talas, ganyong, irut, dan gembili;","134.65","479.458","495.40000000000003","507.40000000000003","595.4","BCDEEE+BookmanOldStyle","12.0","307.05400000000003","297.7","0.015710446758481763","0.22615048706751764","0.5791199193819281","False","LAMPIRAN"
"8","- pertanian jagung manis.","116.85","278.566","509.63","521.63","595.4","BCDEEE+BookmanOldStyle","12.0","197.70799999999997","297.7","0.1679408800806181","0.1962546187437017","0.27160900235136043","False","LAMPIRAN"
"8","Subgolongan ini tidak mencakup","113.45","307.958","523.63","535.63","595.4","BCDEEE+BookmanOldStyle","12.0","210.704","297.7","0.1461135371179039","0.19054417198522003","0.32668458179375215","False","LAMPIRAN"
"8","- pertanian tanaman rempah-rempah dan aromatik/penyegar, lihat","116.85","524.3079999999999","537.8299999999999","549.8299999999999","595.4","BCDEEE+BookmanOldStyle","12.0","320.57899999999995","297.7","0.038426268055088954","0.1962546187437017","0.6843432986227744","False","LAMPIRAN"
"8","subgolongan 0128;","134.65","246.646","551.8299999999999","563.8299999999999","595.4","BCDEEE+BookmanOldStyle","12.0","190.648","297.7","0.1797984548202889","0.22615048706751764","0.18810211622438694","False","LAMPIRAN"
"8","- pertanian spawn jamur, lihat subgolongan 0130.","116.85","422.49399999999997","566.03","578.03","595.4","BCDEEE+BookmanOldStyle","12.0","269.67199999999997","297.7","0.0470742358078603","0.1962546187437017","0.5133422908968761","False","LAMPIRAN"
"8","01131 PERTANIAN SAYURAN DAUN","70.825","286.02199999999993","594.03","606.03","595.4","BCDEEE+BookmanOldStyle","12.0","178.42349999999996","297.7","0.200330030231777","0.11895364460866645","0.36143265031911315","True","LAMPIRAN"
"8","Kelompok ini mencakup kegiatan pertanian sayuran yang daun,","113.45","524.1500000000001","608.23","620.23","595.4","BCDEEE+BookmanOldStyle","12.0","318.80000000000007","297.7","0.03543836076587182","0.19054417198522003","0.6897883775613035","False","LAMPIRAN"
"8","bunga atau batangnya dimakan sebagai sayur, seperti articok,","113.45","524.078","622.25","634.25","595.4","BCDEEE+BookmanOldStyle","12.0","318.764","297.7","0.03537789721195839","0.19054417198522003","0.6896674504534767","False","LAMPIRAN"
"8","petsai/sawi, asparagus, kubis/kol, kembang kol, brokoli, selada,","113.45","524.2700000000001","636.45","648.45","595.4","BCDEEE+BookmanOldStyle","12.0","318.86000000000007","297.7","0.03553913335572738","0.19054417198522003","0.6899899227410147","False","LAMPIRAN"
"8","seledri, daun bawang, bayam, dan kangkung. Pertanian sayuran daun","113.45","524.2699999999998","650.45","662.45","595.4","BCDEEE+BookmanOldStyle","12.0","318.8599999999999","297.7","0.035539133355727094","0.19054417198522003","0.6899899227410141","False","LAMPIRAN"
"8","yang dimaksud mencakup kegiatan pengolahan lahan, penyemaian,","113.45","524.206","664.6500000000001","676.6500000000001","595.4","BCDEEE+BookmanOldStyle","12.0","318.82800000000003","297.7","0.03548538797447102","0.19054417198522003","0.689882431978502","False","LAMPIRAN"
"8","penanaman, pemeliharaan, pemanenan, dan kegiatan pascapanen","113.45","524.0659999999999","678.6500000000001","690.65","595.4","BCDEEE+BookmanOldStyle","11.999999999999972","318.758","297.7","0.03536781995297278","0.19054417198522003","0.6896472959355054","False","LAMPIRAN"
"8","yang dilakukan sebagai satu rangkaian kegiatan. Bayam dan","113.45","523.9939999999998","692.65","704.65","595.4","BCDEEE+BookmanOldStyle","12.0","318.7219999999999","297.7","0.035307356399059346","0.19054417198522003","0.6895263688276786","False","LAMPIRAN"
"8","kangkung yang dipanen dengan akarnya juga dimasukkan dalam","113.45","524.126","706.85","718.85","595.4","BCDEEE+BookmanOldStyle","12.0","318.788","297.7","0.03541820624790061","0.19054417198522003","0.6897480685253611","False","LAMPIRAN"
"8","kelompok ini. Kelompok ini juga mencakup kegiatan penanaman","113.45","524.122","720.85","732.85","595.4","BCDEEE+BookmanOldStyle","12.0","318.786","297.7","0.035414847161572074","0.19054417198522003","0.689741350352704","False","LAMPIRAN"
"8","tanaman sayuran daun untuk menghasilkan benih berupa biji.","113.45","486.6259999999999","735.08","747.08","595.4","BCDEEE+BookmanOldStyle","12.0","300.03799999999995","297.7","0.003926771918038236","0.19054417198522003","0.6267651998656365","False","LAMPIRAN"
"8","01132 PERTANIAN BUAH SEMUSIM","70.825","287.21","763.28","775.28","595.4","BCDEEE+BookmanOldStyle","12.0","179.01749999999998","297.7","0.19933238159220693","0.11895364460866645","0.36342794759825325","True","LAMPIRAN"
"8","Kelompok ini mencakup kegiatan pertanian buah semusim, seperti","113.45","524.1500000000001","777.28","789.28","595.4","BCDEEE+BookmanOldStyle","12.0","318.80000000000007","297.7","0.03543836076587182","0.19054417198522003","0.6897883775613035","False","LAMPIRAN"
"8","semangka, blewah, melon, dan timun suri. Pertanian buah semusim","113.45","523.922","791.27","803.27","595.4","BCDEEE+BookmanOldStyle","12.0","318.68600000000004","297.7","0.0352468928451462","0.19054417198522003","0.6894054417198523","False","LAMPIRAN"
"8","yang dimaksud mencakup kegiatan pengolahan lahan, penyemaian,","113.45","524.162","805.48","817.48","595.4","BCDEEE+BookmanOldStyle","12.000000000000014","318.80600000000004","297.7","0.03544843802485732","0.19054417198522003","0.6898085320792745","False","LAMPIRAN"
"8","penanaman, pemeliharaan, pemanenan, dan kegiatan pascapanen","113.45","524.0659999999999","819.48","831.48","595.4","BCDEEE+BookmanOldStyle","12.0","318.758","297.7","0.03536781995297278","0.19054417198522003","0.6896472959355054","False","LAMPIRAN"
"8","yang dilakukan sebagai satu rangkaian kegiatan. Kelompok ini juga","113.45","524.0260000000001","833.6750000000001","845.6750000000001","595.4","BCDEEE+BookmanOldStyle","12.0","318.73800000000006","297.7","0.03533422908968772","0.19054417198522003","0.6895801142089353","False","LAMPIRAN"
"8","mencakup kegiatan penanaman tanaman buah semusim untuk","113.45","524.0300000000002","847.7","859.7","595.4","BCDEEE+BookmanOldStyle","12.0","318.7400000000001","297.7","0.03533758817601635","0.19054417198522003","0.6895868323815926","False","LAMPIRAN"
"9","- 9 -","271.1","295.7","37.30000000000007","49.30000000000007","595.4","BCDEEE+BookmanOldStyle","12.0","283.4","297.7","0.024017467248908318","0.45532415183070213","0.04131676184077925","False","HALAMAN"
"9","menghasilkan benih berupa biji.","113.45","304.022","72.73000000000002","84.73000000000002","595.4","BCDEEE+BookmanOldStyle","12.0","208.736","297.7","0.14941887806516627","0.19054417198522003","0.3200738998992274","False","LAMPIRAN"
"9","01133 PERTANIAN SAYURAN BUAH","70.825","285.938","100.92000000000007","112.92000000000007","595.4","BCDEEE+BookmanOldStyle","12.0","178.3815","297.7","0.20040057104467585","0.11895364460866645","0.3612915686933154","True","LAMPIRAN"
"9","Kelompok ini mencakup kegiatan pertanian hortikultura sayuran","113.45","524.2099999999999","115.13000000000011","127.13000000000011","595.4","BCDEEE+BookmanOldStyle","12.0","318.83","297.7","0.03548874706079946","0.19054417198522003","0.6898891501511588","False","LAMPIRAN"
"9","buah, seperti mentimun, terong, tomat, belimbing sayur, labu sayur","113.45","523.898","129.1300000000001","141.1300000000001","595.4","BCDEEE+BookmanOldStyle","12.0","318.67400000000004","297.7","0.035226738327175086","0.19054417198522003","0.6893651326839101","False","LAMPIRAN"
"9","(siam), waluh/labu kuning, dan gambas/oyong. Pertanian sayuran","113.45","524.1619999999999","143.33000000000004","155.33000000000004","595.4","BCDEEE+BookmanOldStyle","12.0","318.806","297.7","0.03544843802485723","0.19054417198522003","0.6898085320792744","False","LAMPIRAN"
"9","buah yang dimaksud mencakup kegiatan pengolahan lahan,","113.45","524.186","157.33000000000004","169.33000000000004","595.4","BCDEEE+BookmanOldStyle","12.0","318.81800000000004","297.7","0.03546859254282844","0.19054417198522003","0.6898488411152167","False","LAMPIRAN"
"9","penyemaian, penanaman, pemeliharaan, pemanenan, dan kegiatan","113.45","524.0899999999998","171.55000000000007","183.55000000000007","595.4","BCDEEE+BookmanOldStyle","12.0","318.7699999999999","297.7","0.0353879744709438","0.19054417198522003","0.6896876049714474","False","LAMPIRAN"
"9","pascapanen yang dilakukan sebagai satu kesatuan kegiatan.","113.45","524.0540000000001","185.55000000000007","197.55000000000007","595.4","BCDEEE+BookmanOldStyle","12.0","318.75200000000007","297.7","0.035357742693987365","0.19054417198522003","0.6896271414175347","False","LAMPIRAN"
"9","Kelompok ini juga mencakup kegiatan penanaman tanaman sayuran","113.45","524.222","199.55000000000007","211.55000000000007","595.4","BCDEEE+BookmanOldStyle","12.0","318.836","297.7","0.03549882431978506","0.19054417198522003","0.68990930466913","False","LAMPIRAN"
"9","buah untuk menghasilkan benih berupa biji. Kelompok ini tidak","113.45","524.1380000000001","213.7500000000001","225.7500000000001","595.4","BCDEEE+BookmanOldStyle","12.0","318.7940000000001","297.7","0.03542828350688631","0.19054417198522003","0.6897682230433325","False","LAMPIRAN"
"9","mencakup pertanian cabai dan paprika, lihat kelompok 01138.","113.45","485.6599999999999","227.7500000000001","239.7500000000001","595.4","BCDEEE+BookmanOldStyle","12.0","299.55499999999995","297.7","0.0031155525697009767","0.19054417198522003","0.625142761168962","False","LAMPIRAN"
"9","01134 PERTANIAN SAYURAN UMBI","70.825","283.42999999999995","255.95000000000005","267.95000000000005","595.4","BCDEEE+BookmanOldStyle","12.0","177.12749999999997","297.7","0.20250671817265709","0.11895364460866645","0.357079274437353","True","LAMPIRAN"
"9","Kelompok ini mencakup kegiatan pertanian sayuran umbi, seperti","113.45","524.126","270.1500000000001","282.1500000000001","595.4","BCDEEE+BookmanOldStyle","12.0","318.788","297.7","0.03541820624790061","0.19054417198522003","0.6897480685253611","False","LAMPIRAN"
"9","kentang, wortel, lobak cina, rebung, bawang putih, bawang bombai,","113.45","524.126","284.1700000000001","296.1700000000001","595.4","BCDEEE+BookmanOldStyle","12.0","318.788","297.7","0.03541820624790061","0.19054417198522003","0.6897480685253611","False","LAMPIRAN"
"9","bawang merah, dan bawang perai. Pertanian sayuran umbi yang","113.45","523.9100000000001","298.1700000000001","310.1700000000001","595.4","BCDEEE+BookmanOldStyle","12.0","318.68000000000006","297.7","0.035236815586160694","0.19054417198522003","0.6893852872018813","False","LAMPIRAN"
"9","dimaksud mencakup kegiatan pengolahan lahan, penyemaian,","113.45","524.186","312.3800000000001","324.3800000000001","595.4","BCDEEE+BookmanOldStyle","12.0","318.81800000000004","297.7","0.03546859254282844","0.19054417198522003","0.6898488411152167","False","LAMPIRAN"
"9","penanaman, pemeliharaan, pemanenan, dan kegiatan pascapanen","113.45","524.1759999999999","326.3800000000001","338.3800000000001","595.4","BCDEEE+BookmanOldStyle","12.0","318.813","297.7","0.035460194827007054","0.19054417198522003","0.689832045683574","False","LAMPIRAN"
"9","yang dilakukan sebagai satu rangkaian kegiatan.","113.45","403.23799999999994","340.58000000000004","352.58000000000004","595.4","BCDEEE+BookmanOldStyle","12.0","258.344","297.7","0.06610010077258985","0.19054417198522003","0.4867114544843802","False","LAMPIRAN"
"9","01135 PERTANIAN UBI KAYU","70.825","247.346","368.7800000000001","380.7800000000001","595.4","BCDEEE+BookmanOldStyle","12.0","159.0855","297.7","0.2328090359422237","0.11895364460866645","0.29647463889821973","True","LAMPIRAN"
"9","Kelompok ini mencakup kegiatan pertanian ubi kayu, termasuk di","113.45","524.1139999999999","382.7800000000001","394.7800000000001","595.4","BCDEEE+BookmanOldStyle","12.0","318.782","297.7","0.035408128988915","0.19054417198522003","0.6897279140073899","False","LAMPIRAN"
"9","dalamnya kegiatan pengolahan lahan, penanaman, pemeliharaan,","113.45","524.1139999999999","396.80000000000007","408.80000000000007","595.4","BCDEEE+BookmanOldStyle","12.0","318.782","297.7","0.035408128988915","0.19054417198522003","0.6897279140073899","False","LAMPIRAN"
"9","pemanenan, dan kegiatan pascapanen yang dilakukan sebagai satu","113.45","524.042","411.0000000000001","423.0000000000001","595.4","BCDEEE+BookmanOldStyle","12.0","318.74600000000004","297.7","0.035347665435001764","0.19054417198522003","0.6896069868995635","False","LAMPIRAN"
"9","rangkaian kegiatan.","113.45","230.77399999999997","425.0","437.0","595.4","BCDEEE+BookmanOldStyle","12.0","172.112","297.7","0.21093046691299966","0.19054417198522003","0.1970507222035606","False","LAMPIRAN"
"9","01136 PERTANIAN JAMUR","70.825","231.84199999999998","453.2","465.2","595.4","BCDEEE+BookmanOldStyle","12.0","151.3335","297.7","0.24582885455156198","0.11895364460866645","0.27043500167954315","True","LAMPIRAN"
"9","Kelompok ini mencakup kegiatan pertanian jamur, seperti jamur","113.45","524.1979999999999","467.40000000000003","479.40000000000003","595.4","BCDEEE+BookmanOldStyle","12.0","318.82399999999996","297.7","0.03547866980181385","0.19054417198522003","0.6898689956331876","False","LAMPIRAN"
"9","merang, jamur tiram, jamur shittake, jamur kuping, dan truffle.","113.45","523.934","481.40000000000003","493.40000000000003","595.4","BCDEEE+BookmanOldStyle","12.0","318.692","297.7","0.03525697010413171","0.19054417198522003","0.6894255962378233","False","LAMPIRAN"
"9","Pertanian jamur yang dimaksud mencakup kegiatan pembuatan","113.45","524.138","495.40000000000003","507.40000000000003","595.4","BCDEEE+BookmanOldStyle","12.0","318.79400000000004","297.7","0.03542828350688621","0.19054417198522003","0.6897682230433323","False","LAMPIRAN"
"9","kubung, pengolahan media tanam, penanaman, pemeliharaan,","113.45","524.162","509.63","521.63","595.4","BCDEEE+BookmanOldStyle","12.0","318.80600000000004","297.7","0.03544843802485732","0.19054417198522003","0.6898085320792745","False","LAMPIRAN"
"9","pemanenan, dan kegiatan pascapanen yang dilakukan sebagai satu","113.45","524.1499999999999","523.63","535.63","595.4","BCDEEE+BookmanOldStyle","12.0","318.79999999999995","297.7","0.035438360765871625","0.19054417198522003","0.6897883775613032","False","LAMPIRAN"
"9","rangkaian kegiatan. Kelompok ini tidak mencakup kegiatan pertanian","113.45","524.2699999999999","537.8299999999999","549.8299999999999","595.4","BCDEEE+BookmanOldStyle","12.0","318.85999999999996","297.7","0.03553913335572719","0.19054417198522003","0.6899899227410142","False","LAMPIRAN"
"9","spawn jamur, lihat subgolongan 0130.","113.45","340.5499999999999","551.8299999999999","563.8299999999999","595.4","BCDEEE+BookmanOldStyle","12.0","226.99999999999994","297.7","0.11874370171313411","0.19054417198522003","0.38142425260329177","False","LAMPIRAN"
"9","01137 PERTANIAN BIT GULA DAN TANAMAN PEMANIS SELAIN TEBU","70.825","487.6339999999999","580.02","592.02","595.4","BCDEEE+BookmanOldStyle","12.0","279.2295","297.7","0.031022002015451824","0.11895364460866645","0.7000487067517634","True","LAMPIRAN"
"9","Kelompok ini mencakup kegiatan pertanian bit gula dan tanaman","113.45","524.1619999999999","594.03","606.03","595.4","BCDEEE+BookmanOldStyle","12.0","318.806","297.7","0.03544843802485723","0.19054417198522003","0.6898085320792744","False","LAMPIRAN"
"9","pemanis selain tebu, seperti stevia dan sorgum manis. Pertanian bit","113.45","523.9939999999999","608.23","620.23","595.4","BCDEEE+BookmanOldStyle","12.0","318.722","297.7","0.03530735639905944","0.19054417198522003","0.6895263688276788","False","LAMPIRAN"
"9","gula dan tanaman pemanis selain tebu yang dimaksud mencakup","113.45","523.8260000000001","622.25","634.25","595.4","BCDEEE+BookmanOldStyle","12.0","318.6380000000001","297.7","0.03516627477326185","0.19054417198522003","0.6892442055760836","False","LAMPIRAN"
"9","kegiatan pengolahan lahan, penanaman, pemeliharaan, pemanenan,","113.45","524.366","636.45","648.45","595.4","BCDEEE+BookmanOldStyle","12.0","318.908","297.7","0.035619751427611736","0.19054417198522003","0.6901511588847834","False","LAMPIRAN"
"9","dan kegiatan pascapanen yang dilakukan sebagai satu rangkaian","113.45","524.0459999999999","650.45","662.45","595.4","BCDEEE+BookmanOldStyle","12.0","318.748","297.7","0.0353510245213302","0.19054417198522003","0.6896137050722203","False","LAMPIRAN"
"9","kegiatan.","113.45","167.43800000000002","664.6500000000001","676.6500000000001","595.4","BCDEEE+BookmanOldStyle","12.0","140.44400000000002","297.7","0.2641182398387638","0.19054417198522003","0.09067517635203227","False","LAMPIRAN"
"9","01138 PERTANIAN CABAI","70.825","225.67399999999998","692.65","704.65","595.4","BCDEEE+BookmanOldStyle","12.0","148.24949999999998","297.7","0.25100856567013774","0.11895364460866645","0.2600755794423917","True","LAMPIRAN"
"9","Kelompok ini mencakup kegiatan pertanian cabai (Capsicum spp),","113.45","523.97","706.85","718.85","595.4","BCDEEE+BookmanOldStyle","12.0","318.71000000000004","297.7","0.03528720188108843","0.19054417198522003","0.6894860597917367","False","LAMPIRAN"
"9","seperti cabai besar, cabai rawit, cabai keriting, dan paprika. Pertanian","113.45","524.0659999999997","720.85","732.85","595.4","BCDEEE+BookmanOldStyle","12.0","318.75799999999987","297.7","0.03536781995297259","0.19054417198522003","0.6896472959355051","False","LAMPIRAN"
"9","cabai yang dimaksud mencakup kegiatan pengolahan lahan,","113.45","524.1500000000001","735.08","747.08","595.4","BCDEEE+BookmanOldStyle","12.0","318.80000000000007","297.7","0.03543836076587182","0.19054417198522003","0.6897883775613035","False","LAMPIRAN"
"9","penyemaian, penanaman, pemeliharaan, pemanenan, dan kegiatan","113.45","524.0539999999999","749.08","761.08","595.4","BCDEEE+BookmanOldStyle","12.0","318.75199999999995","297.7","0.03535774269398718","0.19054417198522003","0.6896271414175342","False","LAMPIRAN"
"9","pascapanen yang dilakukan sebagai satu rangkaian kegiatan.","113.45","524.3260000000001","763.28","775.28","595.4","BCDEEE+BookmanOldStyle","12.0","318.8880000000001","297.7","0.035586160564326674","0.19054417198522003","0.6900839771582132","False","LAMPIRAN"
"9","Kelompok ini juga mencakup kegiatan penanaman tanaman cabai","113.45","524.1139999999999","777.28","789.28","595.4","BCDEEE+BookmanOldStyle","12.0","318.782","297.7","0.035408128988915","0.19054417198522003","0.6897279140073899","False","LAMPIRAN"
"9","untuk menghasilkan benih berupa biji.","113.45","344.1739999999999","791.27","803.27","595.4","BCDEEE+BookmanOldStyle","12.0","228.81199999999995","297.7","0.11570036949949619","0.19054417198522003","0.3875109170305676","False","LAMPIRAN"
"9","01139 PERTANIAN UMBI LAINNYA","70.825","277.526","819.48","831.48","595.4","BCDEEE+BookmanOldStyle","12.0","174.1755","297.7","0.20746472959355056","0.11895364460866645","0.34716325159556605","True","LAMPIRAN"
"9","Kelompok ini mencakup kegiatan pertanian umbi lainnya seperti ubi","113.45","524.1020000000001","833.6750000000001","845.6750000000001","595.4","BCDEEE+BookmanOldStyle","12.0","318.77600000000007","297.7","0.035398051729929596","0.19054417198522003","0.6897077594894191","False","LAMPIRAN"
"9","jalar, talas, ganyong, irut, gembili, iles-iles, dan porang. Pertanian","113.45","524.322","847.7","859.7","595.4","BCDEEE+BookmanOldStyle","12.0","318.886","297.7","0.03558280147799805","0.19054417198522003","0.6900772589855559","False","LAMPIRAN"
"10","- 10 -","288.9","320.90000000000003","37.30000000000007","49.30000000000007","595.4","BCDEEE+BookmanOldStyle","12.0","304.9","297.7","0.012092710782667096","0.48522002015451793","0.05374538125629839","False","HALAMAN"
"10","umbi lainnya yang dimaksud mencakup kegiatan pengolahan lahan,","113.45","524.1260000000001","72.73000000000002","84.73000000000002","595.4","BCDEEE+BookmanOldStyle","12.0","318.78800000000007","297.7","0.03541820624790071","0.19054417198522003","0.6897480685253613","False","LAMPIRAN"
"10","penanaman, pemeliharaan, pemanenan, dan kegiatan pascapanen","113.45","524.0659999999999","86.92000000000007","98.92000000000007","595.4","BCDEEE+BookmanOldStyle","12.0","318.758","297.7","0.03536781995297278","0.19054417198522003","0.6896472959355054","False","LAMPIRAN"
"10","yang dilakukan sebagai satu rangkaian kegiatan.","113.45","403.23799999999994","100.92000000000007","112.92000000000007","595.4","BCDEEE+BookmanOldStyle","12.0","258.344","297.7","0.06610010077258985","0.19054417198522003","0.4867114544843802","False","LAMPIRAN"
"10","0114 PERTANIAN TEBU","70.825","221.774","129.1300000000001","141.1300000000001","595.4","BCDEEE+BookmanOldStyle","12.0","146.2995","297.7","0.2542836748404434","0.11895364460866645","0.25352536110178037","True","LAMPIRAN"
"10","Lihat kelompok 01140.","113.45","249.07399999999998","143.33000000000004","155.33000000000004","595.4","BCDEEE+BookmanOldStyle","12.0","181.262","297.7","0.19556264696002687","0.19054417198522003","0.22778636210950617","False","LAMPIRAN"
"10","01140 PERTANIAN TEBU","70.825","221.774","171.55000000000007","183.55000000000007","595.4","BCDEEE+BookmanOldStyle","12.0","146.2995","297.7","0.2542836748404434","0.11895364460866645","0.25352536110178037","True","LAMPIRAN"
"10","Kelompok ini mencakup kegiatan pertanian tebu, termasuk di","113.45","523.9340000000001","185.55000000000007","197.55000000000007","595.4","BCDEEE+BookmanOldStyle","12.0","318.69200000000006","297.7","0.035256970104131806","0.19054417198522003","0.6894255962378235","False","LAMPIRAN"
"10","dalamnya kegiatan pengolahan lahan, penanaman, pemeliharaan,","113.45","524.1139999999999","199.55000000000007","211.55000000000007","595.4","BCDEEE+BookmanOldStyle","12.0","318.782","297.7","0.035408128988915","0.19054417198522003","0.6897279140073899","False","LAMPIRAN"
"10","pemanenan, dan kegiatan pascapanen yang dilakukan sebagai satu","113.45","524.042","213.7500000000001","225.7500000000001","595.4","BCDEEE+BookmanOldStyle","12.0","318.74600000000004","297.7","0.035347665435001764","0.19054417198522003","0.6896069868995635","False","LAMPIRAN"
"10","rangkaian kegiatan. Kelompok ini tidak mencakup pertanian bit gula,","113.45","524.186","227.7500000000001","239.7500000000001","595.4","BCDEEE+BookmanOldStyle","12.0","318.81800000000004","297.7","0.03546859254282844","0.19054417198522003","0.6898488411152167","False","LAMPIRAN"
"10","lihat kelompok 01137.","113.45","245.51","241.95000000000005","253.95000000000005","595.4","BCDEEE+BookmanOldStyle","12.0","179.48","297.7","0.198555592878737","0.19054417198522003","0.221800470272086","False","LAMPIRAN"
"10","0115 PERTANIAN TEMBAKAU","70.825","257.75","270.1500000000001","282.1500000000001","595.4","BCDEEE+BookmanOldStyle","12.0","164.2875","297.7","0.2240720524017467","0.11895364460866645","0.3139486059791737","True","LAMPIRAN"
"10","Lihat kelompok 01150.","113.45","249.07399999999998","284.1700000000001","296.1700000000001","595.4","BCDEEE+BookmanOldStyle","12.0","181.262","297.7","0.19556264696002687","0.19054417198522003","0.22778636210950617","False","LAMPIRAN"
"10","01150 PERTANIAN TEMBAKAU","70.825","257.75","312.3800000000001","324.3800000000001","595.4","BCDEEE+BookmanOldStyle","12.0","164.2875","297.7","0.2240720524017467","0.11895364460866645","0.3139486059791737","True","LAMPIRAN"
"10","Kelompok ini mencakup kegiatan pertanian tanaman tembakau,","113.45","524.114","326.3800000000001","338.3800000000001","595.4","BCDEEE+BookmanOldStyle","12.0","318.78200000000004","297.7","0.0354081289889151","0.19054417198522003","0.6897279140073901","False","LAMPIRAN"
"10","termasuk di dalamnya kegiatan pengolahan lahan, penyemaian,","113.45","524.126","340.58000000000004","352.58000000000004","595.4","BCDEEE+BookmanOldStyle","12.0","318.788","297.7","0.03541820624790061","0.19054417198522003","0.6897480685253611","False","LAMPIRAN"
"10","penanaman, pemeliharaan, pemanenan, dan kegiatan pascapanen","113.45","524.0659999999999","354.58000000000004","366.58000000000004","595.4","BCDEEE+BookmanOldStyle","12.0","318.758","297.7","0.03536781995297278","0.19054417198522003","0.6896472959355054","False","LAMPIRAN"
"10","yang dilakukan sebagai satu rangkaian kegiatan. Kelompok ini juga","113.45","523.9820000000001","368.7800000000001","380.7800000000001","595.4","BCDEEE+BookmanOldStyle","12.0","318.71600000000007","297.7","0.03529727914007403","0.19054417198522003","0.6895062143097079","False","LAMPIRAN"
"10","mencakup kegiatan pembersihan dan perajangan tembakau yang","113.45","524.028","382.7800000000001","394.7800000000001","595.4","BCDEEE+BookmanOldStyle","12.0","318.73900000000003","297.7","0.03533590863285194","0.19054417198522003","0.6895834732952638","False","LAMPIRAN"
"10","tidak dapat dipisahkan dari kegiatan pertaniannya. Kelompok ini juga","113.45","524.2940000000001","396.80000000000007","408.80000000000007","595.4","BCDEEE+BookmanOldStyle","12.0","318.87200000000007","297.7","0.03555928787369849","0.19054417198522003","0.6900302317769569","False","LAMPIRAN"
"10","mencakup kegiatan penanaman tanaman tembakau untuk","113.45","524.0660000000001","411.0000000000001","423.0000000000001","595.4","BCDEEE+BookmanOldStyle","12.0","318.7580000000001","297.7","0.03536781995297297","0.19054417198522003","0.6896472959355058","False","LAMPIRAN"
"10","menghasilkan benih berupa biji.","113.45","304.022","425.0","437.0","595.4","BCDEEE+BookmanOldStyle","12.0","208.736","297.7","0.14941887806516627","0.19054417198522003","0.3200738998992274","False","LAMPIRAN"
"10","Kelompok ini tidak mencakup kegiatan pembuatan produk tembakau,","113.45","524.222","439.2","451.2","595.4","BCDEEE+BookmanOldStyle","12.0","318.836","297.7","0.03549882431978506","0.19054417198522003","0.68990930466913","False","LAMPIRAN"
"10","lihat subgolongan 1200.","113.45","256.01","453.2","465.2","595.4","BCDEEE+BookmanOldStyle","12.0","184.73","297.7","0.18973799126637556","0.19054417198522003","0.2394356734968089","False","LAMPIRAN"
"10","0116 PERTANIAN TANAMAN BERSERAT","70.825","319.01","481.40000000000003","493.40000000000003","595.4","BCDEEE+BookmanOldStyle","12.0","194.9175","297.7","0.17262764528048372","0.11895364460866645","0.41683742022169973","True","LAMPIRAN"
"10","Lihat kelompok 01160.","113.45","249.07399999999998","495.40000000000003","507.40000000000003","595.4","BCDEEE+BookmanOldStyle","12.0","181.262","297.7","0.19556264696002687","0.19054417198522003","0.22778636210950617","False","LAMPIRAN"
"10","01160 PERTANIAN TANAMAN BERSERAT","70.825","319.01","523.63","535.63","595.4","BCDEEE+BookmanOldStyle","12.0","194.9175","297.7","0.17262764528048372","0.11895364460866645","0.41683742022169973","True","LAMPIRAN"
"10","Kelompok ini mencakup pertanian tanaman berserat, seperti kapas,","113.45","524.1619999999998","537.8299999999999","549.8299999999999","595.4","BCDEEE+BookmanOldStyle","12.0","318.8059999999999","297.7","0.035448438024857136","0.19054417198522003","0.6898085320792742","False","LAMPIRAN"
"10","yute, kenaf, batang lenan, rami, sisal, abaka, dan bahan baku tekstil","113.45","524.042","551.8299999999999","563.8299999999999","595.4","BCDEEE+BookmanOldStyle","12.0","318.74600000000004","297.7","0.035347665435001764","0.19054417198522003","0.6896069868995635","False","LAMPIRAN"
"10","lainnya dari genus Agave. Pertanian tanaman berserat yang dimaksud","113.45","524.126","566.03","578.03","595.4","BCDEEE+BookmanOldStyle","12.0","318.788","297.7","0.03541820624790061","0.19054417198522003","0.6897480685253611","False","LAMPIRAN"
"10","mencakup kegiatan pengolahan lahan, penanaman, pemeliharaan,","113.45","524.5600000000001","580.02","592.02","595.4","BCDEEE+BookmanOldStyle","12.0","319.00500000000005","297.7","0.035782667114544954","0.19054417198522003","0.6904769902586498","False","LAMPIRAN"
"10","pemanenan, dan kegiatan pascapanen yang dilakukan sebagai satu","113.45","524.042","594.03","606.03","595.4","BCDEEE+BookmanOldStyle","12.0","318.74600000000004","297.7","0.035347665435001764","0.19054417198522003","0.6896069868995635","False","LAMPIRAN"
"10","rangkaian kegiatan. Kelompok ini juga mencakup kegiatan","113.45","524.018","608.23","620.23","595.4","BCDEEE+BookmanOldStyle","12.0","318.73400000000004","297.7","0.03532751091703065","0.19054417198522003","0.6895666778636211","False","LAMPIRAN"
"10","penanaman tanaman berserat untuk menghasilkan benih berupa biji.","113.45","524.2220000000001","622.25","634.25","595.4","BCDEEE+BookmanOldStyle","12.0","318.83600000000007","297.7","0.035498824319785155","0.19054417198522003","0.6899093046691303","False","LAMPIRAN"
"10","0119 PERTANIAN TANAMAN SEMUSIM LAINNYA","70.825","368.66599999999994","650.45","662.45","595.4","BCDEEE+BookmanOldStyle","12.0","219.74549999999996","297.7","0.13092794759825332","0.11895364460866645","0.5002368155861605","True","LAMPIRAN"
"10","Subgolongan ini mencakup seluruh pertanian tanaman semusim","113.45","523.934","664.6500000000001","676.6500000000001","595.4","BCDEEE+BookmanOldStyle","12.0","318.692","297.7","0.03525697010413171","0.19054417198522003","0.6894255962378233","False","LAMPIRAN"
"10","lainnya:","113.45","160.838","678.6500000000001","690.65","595.4","BCDEEE+BookmanOldStyle","11.999999999999972","137.144","297.7","0.2696607322808196","0.19054417198522003","0.0795901914679207","False","LAMPIRAN"
"10","- pertanian swede, mangold, akar-akaran, semanggi, alfalfa,","116.85","524.2280000000001","692.65","704.65","595.4","BCDEEE+BookmanOldStyle","12.0","320.53900000000004","297.7","0.03835908632851874","0.1962546187437017","0.684208935169634","False","LAMPIRAN"
"10","sainfoin, tanaman jagung (maize), lupin, rumput-rumputan","134.65","524.202","706.85","718.85","595.4","BCDEEE+BookmanOldStyle","12.0","329.426","297.7","0.05328518642929123","0.22615048706751764","0.6542693987235473","False","LAMPIRAN"
"10","lainnya, kale untuk pakan, dan tanaman pakan sejenis lainnya;","134.65","512.6260000000001","720.85","732.85","595.4","BCDEEE+BookmanOldStyle","12.0","323.63800000000003","297.7","0.04356399059455836","0.22615048706751764","0.6348270070540815","False","LAMPIRAN"
"10","- pembenihan bit dan pembenihan tanaman untuk pakan ternak;","116.85","513.034","735.08","747.08","595.4","BCDEEE+BookmanOldStyle","12.0","314.942","297.7","0.02895868323815925","0.1962546187437017","0.665408128988915","False","LAMPIRAN"
"10","- pertanian bunga, termasuk produksi bunga potong dan kuncup","116.85","524.1700000000002","749.08","761.08","595.4","BCDEEE+BookmanOldStyle","12.0","320.5100000000001","297.7","0.038310379576755316","0.1962546187437017","0.6841115216661071","False","LAMPIRAN"
"10","bunga;","134.65","175.45000000000002","763.28","775.28","595.4","BCDEEE+BookmanOldStyle","12.0","155.05","297.7","0.23958683238159217","0.22615048706751764","0.06852536110178034","False","LAMPIRAN"
"10","- pembenihan bunga.","116.85","252.22600000000003","777.28","789.28","595.4","BCDEEE+BookmanOldStyle","12.0","184.538","297.7","0.19006046355391332","0.1962546187437017","0.22736983540476996","False","LAMPIRAN"
"10","Subgolongan ini tidak mencakup","113.45","307.958","791.27","803.27","595.4","BCDEEE+BookmanOldStyle","12.0","210.704","297.7","0.1461135371179039","0.19054417198522003","0.32668458179375215","False","LAMPIRAN"
"10","- pertanian tanaman semusim, seperti tanaman rempah-rempah,","116.85","524.3460000000001","805.48","817.48","595.4","BCDEEE+BookmanOldStyle","12.000000000000014","320.59800000000007","297.7","0.03845817937521008","0.1962546187437017","0.6844071212630166","False","LAMPIRAN"
"10","aromatik, narkotika, dan tanaman obat-obatan, lihat subgolongan","134.65","524.534","819.48","831.48","595.4","BCDEEE+BookmanOldStyle","12.0","329.592","297.7","0.053563990594558276","0.22615048706751764","0.6548270070540814","False","LAMPIRAN"
"10","0128;","134.65","168.09","833.6750000000001","845.6750000000001","595.4","BCDEEE+BookmanOldStyle","12.0","151.37","297.7","0.2457675512260665","0.22615048706751764","0.05616392341283171","False","LAMPIRAN"
"10","- pertanian benih tanaman bit gula, lihat subgolongan 0113.","116.85","483.44200000000006","847.7","859.7","595.4","BCDEEE+BookmanOldStyle","12.0","300.146","297.7","0.0041081625797783445","0.1962546187437017","0.6157070876721533","False","LAMPIRAN"
