"page","text","x0","x1","top","bottom","page_width","font_name","font_size","line_center","page_center","center_score","left_ratio","width_ratio","is_all_caps","sistematika","unsur"
"1","BUPATI MALANG","253.08","358.608","116.29600000000005","128.29600000000005","612.2","BCDGEE+BookmanOldStyle-Bold","12.0","305.844","306.1","0.00041816399869328425","0.41339431558314277","0.17237504083632796","True","JUDUL",""
"1","PROVINSI JAWA TIMUR","231.48","380.17199999999997","139.09600000000012","151.09600000000012","612.2","BCDGEE+BookmanOldStyle-Bold","12.0","305.82599999999996","306.1","0.00044756615485145007","0.37811172819340083","0.24288141130349553","True","JUDUL",""
"1","PERATURAN BUPATI MALANG","211.67","399.938","184.7260000000001","196.7260000000001","612.2","BCDGEE+BookmanOldStyle-Bold","12.0","305.804","306.1","0.00048350212348913604","0.3457530218882718","0.3075269519764783","True","JUDUL",""
"1","NOMOR 19 TAHUN 2025","229.48","382.65000000000003","207.52600000000007","219.52600000000007","612.2","BCDGEE+BookmanOldStyle-Bold","12.0","306.065","306.1","5.717085919638192e-05","0.3748448219536099","0.2501960143743875","True","JUDUL",""
"1","TENTANG","275.48","336.44000000000005","230.52600000000007","242.52600000000007","612.2","BCDGEE+BookmanOldStyle-Bold","12.0","305.96000000000004","306.1","0.00022868343678534195","0.44998366546880103","0.09957530218882724","True","JUDUL",""
"1","JADWAL RETENSI ARSIP PEMERINTAH DAERAH","153.25","458.554","253.32600000000014","265.32600000000014","612.2","BCDGEE+BookmanOldStyle-Bold","12.0","305.902","306.1","0.0003234237177393595","0.25032669062397905","0.4986997713165631","True","JUDUL",""
"1","DENGAN RAHMAT TUHAN YANG MAHA ESA","169.05","442.5300000000001","298.94600000000014","310.94600000000014","612.2","BCDGEE+BookmanOldStyle-Bold","12.0","305.7900000000001","306.1","0.0005063704671675032","0.27613524991832733","0.4467167592290102","True","PEMBUKAAN","FRASA RELIGIUS"
"1","BUPATI MALANG,","251.08","360.916","344.54600000000005","356.54600000000005","612.2","BCDGEE+BookmanOldStyle-Bold","12.0","305.998","306.1","0.00016661221822938954","0.41012740934335185","0.17941195687683759","True","PEMBUKAAN","PEMBENTUK PPU"
"1","Menimbang : a. bahwa untuk melaksanakan ketentuan dalam Pasal 53","70.825","541.4240000000001","390.4000000000001","402.4000000000001","612.2","BCDFEE+BookmanOldStyle","12.0","306.12450000000007","306.1","4.001960143751377e-05","0.11568931721659588","0.7687014047696832","False","PEMBUKAAN","KONSIDERANS"
"1","ayat (2) Peraturan Pemerintah Nomor 28 Tahun 2012","191.45","540.722","412.20000000000005","424.20000000000005","612.2","BCDFEE+BookmanOldStyle","12.0","366.086","306.1","0.09798431885004898","0.3127245998039856","0.5705194380921267","False","PEMBUKAAN","KONSIDERANS"
"1","tentang Pelaksanaan Undang-Undang Nomor 43","191.45","541.272","434.00000000000006","446.00000000000006","612.2","BCDFEE+BookmanOldStyle","12.0","366.361","306.1","0.09843351845802019","0.3127245998039856","0.5714178373080693","False","PEMBUKAAN","KONSIDERANS"
"1","Tahun 2009 tentang Kearsipan, perlu menetapkan Jadwal","191.45","540.9499999999999","455.8","467.8","612.2","BCDFEE+BookmanOldStyle","12.0","366.19999999999993","306.1","0.09817053250571693","0.3127245998039856","0.5708918654034628","False","PEMBUKAAN","KONSIDERANS"
"1","Retensi Arsip Pemerintah Daerah;","191.45","391.57","477.6","489.6","612.2","BCDFEE+BookmanOldStyle","12.0","291.51","306.1","0.0238320810192748","0.3127245998039856","0.32688663835347925","False","PEMBUKAAN","KONSIDERANS"
"1","b. bahwa berdasarkan pertimbangan sebagaimana dimaksud","170.05","540.7819999999999","500.6","512.6","612.2","BCDFEE+BookmanOldStyle","12.0","355.41599999999994","306.1","0.08055537406076431","0.2777687030382228","0.6055733420450832","False","PEMBUKAAN","KONSIDERANS"
"1","dalam huruf a, maka perlu menetapkan Peraturan Bupati","191.45","541.1719999999999","522.4200000000001","534.4200000000001","612.2","BCDFEE+BookmanOldStyle","12.0","366.3109999999999","306.1","0.09835184580202531","0.3127245998039856","0.5712544919960796","False","PEMBUKAAN","KONSIDERANS"
"1","Malang tentang Jadwal Retensi Arsip Pemerintah Daerah;","191.45","532.22","544.23","556.23","612.2","BCDFEE+BookmanOldStyle","12.0","361.83500000000004","306.1","0.09104050963737342","0.3127245998039856","0.5566318196667756","False","PEMBUKAAN","KONSIDERANS"
"1","Mengingat : 1. Undang-Undang Nomor 12 Tahun 1950 tentang","70.825","541.008","589.82","601.82","612.2","BCDFEE+BookmanOldStyle","12.0","305.91650000000004","306.1","0.0002997386475007855","0.11568931721659588","0.7680218882718066","False","PEMBUKAAN","DASAR HUKUM"
"1","Pembentukan Daerah-daerah Kabupaten di Lingkungan","191.45","541.2719999999998","611.6300000000001","623.6300000000001","612.2","BCDFEE+BookmanOldStyle","12.0","366.3609999999999","306.1","0.09843351845802001","0.3127245998039856","0.5714178373080689","False","PEMBUKAAN","DASAR HUKUM"
"1","Propinsi Jawa Timur (Berita Negara Republik Indonesia","191.45","541.294","633.6500000000001","645.6500000000001","612.2","BCDFEE+BookmanOldStyle","12.0","366.37199999999996","306.1","0.09845148644233899","0.3127245998039856","0.5714537732767069","False","PEMBUKAAN","DASAR HUKUM"
"1","Tahun 1950 Nomor 41), sebagaimana telah diubah dengan","191.45","541.4499999999999","655.45","667.45","612.2","BCDFEE+BookmanOldStyle","12.0","366.44999999999993","306.1","0.09857889578569079","0.3127245998039856","0.5717085919634105","False","PEMBUKAAN","DASAR HUKUM"
"1","Undang-Undang Nomor 2 Tahun 1965 tentang Perubahan","191.45","541.202","677.25","689.25","612.2","BCDFEE+BookmanOldStyle","11.999999999999972","366.326","306.1","0.09837634759882391","0.3127245998039856","0.5713034955896765","False","PEMBUKAAN","DASAR HUKUM"
"1","Batas Wilayah Kotapraja Surabaya dan Daerah Tingkat II","191.45","540.698","699.0500000000001","711.0500000000001","612.2","BCDFEE+BookmanOldStyle","12.0","366.07399999999996","306.1","0.09796471741261015","0.3127245998039856","0.5704802352172492","False","PEMBUKAAN","DASAR HUKUM"
"1","Surabaya dengan mengubah Undang-Undang Nomor 12","191.45","541.158","720.85","732.85","612.2","BCDFEE+BookmanOldStyle","12.0","366.304","306.1","0.09834041163018613","0.3127245998039856","0.5712316236524012","False","PEMBUKAAN","DASAR HUKUM"
"1","Tahun 1950 tentang Pembentukan Daerah-daerah Kota","191.45","541.442","742.6800000000001","754.6800000000001","612.2","BCDFEE+BookmanOldStyle","12.0","366.446","306.1","0.09857236197321137","0.3127245998039856","0.5716955243384515","False","PEMBUKAAN","DASAR HUKUM"
"1","Besar dalam Lingkungan Propinsi Jawa Timur, Jawa","191.45","541.2460000000001","764.6700000000001","776.6700000000001","612.2","BCDFEE+BookmanOldStyle","12.0","366.34800000000007","306.1","0.09841228356746168","0.3127245998039856","0.5713753675269521","False","PEMBUKAAN","DASAR HUKUM"
"1","Tengah, Jawa Barat dan Daerah Istimewa Yogyakarta","191.45","540.806","786.47","798.47","612.2","BCDFEE+BookmanOldStyle","12.0","366.12800000000004","306.1","0.09805292388108464","0.3127245998039856","0.570656648154198","False","PEMBUKAAN","DASAR HUKUM"
"1","(Lembaran Negara Republik Indonesia Tahun 1965","191.45","540.818","808.2800000000001","820.2800000000001","612.2","BCDFEE+BookmanOldStyle","12.0","366.134","306.1","0.09806272459980396","0.3127245998039856","0.5706762495916367","False","PEMBUKAAN","DASAR HUKUM"
"1","Nomor 19, Tambahan Lembaran Negara Republik Indonesia","191.45","540.952","830.075","842.075","612.2","BCDFEE+BookmanOldStyle","12.0","366.201","306.1","0.09817216595883697","0.3127245998039856","0.5708951323097027","False","PEMBUKAAN","DASAR HUKUM"
"1","Nomor 2730);","191.45","271.32","851.9000000000001","863.9000000000001","612.2","BCDFEE+BookmanOldStyle","12.0","231.385","306.1","0.12204344985298926","0.3127245998039856","0.13046390068605032","False","PEMBUKAAN","DASAR HUKUM"
"2","2","302.7","309.372","35.72000000000003","47.72000000000003","612.2","ArialMT","12.0","306.036","306.1","0.00010454099967334428","0.49444625939235537","0.010898399215942543","False","PEMBUKAAN","DASAR HUKUM"
"2","2. Undang-Undang Nomor 43 Tahun 2009 tentang Kearsipan","170.05","540.7399999999999","72.92000000000007","84.92000000000007","612.2","BCDFEE+BookmanOldStyle","12.0","355.395","306.1","0.08052107154524658","0.2777687030382228","0.6055047370140475","False","PEMBUKAAN","DASAR HUKUM"
"2","(Lembaran Negara Republik Indonesia Tahun 2009","191.45","540.818","92.12000000000012","104.12000000000012","612.2","BCDFEE+BookmanOldStyle","12.0","366.134","306.1","0.09806272459980396","0.3127245998039856","0.5706762495916367","False","PEMBUKAAN","DASAR HUKUM"
"2","Nomor 152, Tambahan Lembaran Negara Republik","191.45","540.818","111.32000000000005","123.32000000000005","612.2","BCDFEE+BookmanOldStyle","12.0","366.134","306.1","0.09806272459980396","0.3127245998039856","0.5706762495916367","False","PEMBUKAAN","DASAR HUKUM"
"2","Indonesia Nomor 5071);","191.45","332.0539999999999","130.32000000000005","142.32000000000005","612.2","BCDFEE+BookmanOldStyle","12.0","261.75199999999995","306.1","0.07244037896112393","0.3127245998039856","0.22967004246978098","False","PEMBUKAAN","DASAR HUKUM"
"2","3. Undang-Undang Nomor 12 Tahun 2011 tentang","170.05","541.008","150.5200000000001","162.5200000000001","612.2","BCDFEE+BookmanOldStyle","12.0","355.529","306.1","0.0807399542633126","0.2777687030382228","0.6059425024501797","False","PEMBUKAAN","DASAR HUKUM"
"2","Pembentukan Peraturan Perundang-undangan (Lembaran","191.45","541.438","169.7500000000001","181.7500000000001","612.2","BCDFEE+BookmanOldStyle","12.0","366.44399999999996","306.1","0.09856909506697147","0.3127245998039856","0.5716889905259719","False","PEMBUKAAN","DASAR HUKUM"
"2","Negara Republik Indonesia Tahun 2011 Nomor 82,","191.45","540.8779999999998","188.7500000000001","200.7500000000001","612.2","BCDFEE+BookmanOldStyle","12.0","366.1639999999999","306.1","0.0981117281934006","0.3127245998039856","0.5707742567788301","False","PEMBUKAAN","DASAR HUKUM"
"2","Tambahan Lembaran Negara Republik Indonesia","191.45","540.9620000000002","207.95000000000005","219.95000000000005","612.2","BCDFEE+BookmanOldStyle","12.0","366.20600000000013","306.1","0.09818033322443663","0.3127245998039856","0.570911466840902","False","PEMBUKAAN","DASAR HUKUM"
"2","Nomor 5234), sebagaimana telah diubah beberapa kali,","191.45","541.35","227.1500000000001","239.1500000000001","612.2","BCDFEE+BookmanOldStyle","12.0","366.4","306.1","0.0984972231296961","0.3127245998039856","0.5715452466514211","False","PEMBUKAAN","DASAR HUKUM"
"2","terakhir dengan Undang-Undang Nomor 13 Tahun 2022","191.45","541.4200000000001","246.1500000000001","258.1500000000001","612.2","BCDFEE+BookmanOldStyle","12.0","366.43500000000006","306.1","0.09855439398889257","0.3127245998039856","0.5716595883698139","False","PEMBUKAAN","DASAR HUKUM"
"2","tentang Perubahan Kedua atas Undang-Undang Nomor 12","191.45","541.2560000000001","265.35000000000014","277.35000000000014","612.2","BCDFEE+BookmanOldStyle","12.0","366.35300000000007","306.1","0.09842045083306115","0.3127245998039856","0.571391702058151","False","PEMBUKAAN","DASAR HUKUM"
"2","Tahun 2011 tentang Pembentukan Peraturan","191.45","541.1299999999998","284.57000000000005","296.57000000000005","612.2","BCDFEE+BookmanOldStyle","12.0","366.28999999999985","306.1","0.0983175432865074","0.3127245998039856","0.5711858869650437","False","PEMBUKAAN","DASAR HUKUM"
"2","Perundang-undangan (Lembaran Negara Republik","191.45","540.9280000000001","303.57000000000005","315.57000000000005","612.2","BCDFEE+BookmanOldStyle","12.0","366.1890000000001","306.1","0.09815256452139832","0.3127245998039856","0.5708559294348253","False","PEMBUKAAN","DASAR HUKUM"
"2","Indonesia Tahun 2022 Nomor 143, Tambahan Lembaran","191.45","541.1379999999999","322.7700000000001","334.7700000000001","612.2","BCDFEE+BookmanOldStyle","12.0","366.294","306.1","0.09832407709898719","0.3127245998039856","0.5711989545900031","False","PEMBUKAAN","DASAR HUKUM"
"2","Negara Republik Indonesia Nomor 6801);","191.45","433.160000238","341.97000000000014","353.97000000000014","612.2","BCDFEE+BookmanOldStyle","12.0","312.305000119","306.1","0.010135576803332205","0.3127245998039856","0.39482195399869324","False","PEMBUKAAN","DASAR HUKUM"
"2","4. Undang-Undang Nomor 23 Tahun 2014 tentang","170.05","540.944","361.97000000000014","373.97000000000014","612.2","BCDFEE+BookmanOldStyle","12.0","355.49699999999996","306.1","0.08068768376347588","0.2777687030382228","0.6058379614505063","False","PEMBUKAAN","DASAR HUKUM"
"2","Pemerintahan Daerah (Lembaran Negara Republik","191.45","541.04","381.18000000000006","393.18000000000006","612.2","BCDFEE+BookmanOldStyle","12.0","366.245","306.1","0.09824403789611234","0.3127245998039856","0.5710388761842534","False","PEMBUKAAN","DASAR HUKUM"
"2","Indonesia Tahun 2014 Nomor 244, Tambahan Lembaran","191.45","541.2379999999999","400.4000000000001","412.4000000000001","612.2","BCDFEE+BookmanOldStyle","12.0","366.34399999999994","306.1","0.09840574975498188","0.3127245998039856","0.5713622999019927","False","PEMBUKAAN","DASAR HUKUM"
"2","Negara Republik Indonesia Nomor 5587), sebagaimana","191.45","541.258","419.4000000000001","431.40000000000003","612.2","BCDFEE+BookmanOldStyle","11.999999999999943","366.35400000000004","306.1","0.09842208428618102","0.3127245998039856","0.5713949689643908","False","PEMBUKAAN","DASAR HUKUM"
"2","telah diubah beberapa kali, terakhir dengan","191.45","540.7579999999999","438.6","450.6","612.2","BCDFEE+BookmanOldStyle","12.0","366.1039999999999","306.1","0.09801372100620696","0.3127245998039856","0.5705782424044429","False","PEMBUKAAN","DASAR HUKUM"
"2","Undang-Undang Nomor 9 Tahun 2015 tentang Perubahan","191.45","541.284","457.8","469.8","612.2","BCDFEE+BookmanOldStyle","12.0","366.36699999999996","306.1","0.09844331917673953","0.3127245998039856","0.571437438745508","False","PEMBUKAAN","DASAR HUKUM"
"2","Kedua atas Undang-Undang Nomor 23 Tahun 2014 tentang","191.45","541.192","476.8","488.8","612.2","BCDFEE+BookmanOldStyle","12.0","366.321","306.1","0.09836818033322443","0.3127245998039856","0.5712871610584777","False","PEMBUKAAN","DASAR HUKUM"
"2","Pemerintahan Daerah (Lembaran Negara Republik","191.45","540.866","496.00000000000006","508.00000000000006","612.2","BCDFEE+BookmanOldStyle","12.0","366.158","306.1","0.09810192747468145","0.3127245998039856","0.5707546553413917","False","PEMBUKAAN","DASAR HUKUM"
"2","Indonesia Tahun 2015 Nomor 58, Tambahan Lembaran","191.45","540.7099999999999","515.23","527.23","612.2","BCDFEE+BookmanOldStyle","12.0","366.0799999999999","306.1","0.09797451813132947","0.3127245998039856","0.5704998366546878","False","PEMBUKAAN","DASAR HUKUM"
"2","Negara Republik Indonesia Nomor 5679);","191.45","432.98599999999993","534.23","546.23","612.2","BCDFEE+BookmanOldStyle","12.0","312.21799999999996","306.1","0.009993466187520316","0.3127245998039856","0.39453773276706944","False","PEMBUKAAN","DASAR HUKUM"
"2","5. Peraturan Pemerintah Nomor 28 Tahun 2012 tentang","170.05","540.962","554.4300000000001","566.4300000000001","612.2","BCDFEE+BookmanOldStyle","12.0","355.506","306.1","0.08070238484155495","0.2777687030382228","0.6058673636066644","False","PEMBUKAAN","DASAR HUKUM"
"2","Pelaksanaan Undang-Undang Nomor 43 Tahun 2009","191.45","541.07","573.6300000000001","585.6300000000001","612.2","BCDFEE+BookmanOldStyle","12.0","366.26","306.1","0.09826853969291076","0.3127245998039856","0.5710878797778505","False","PEMBUKAAN","DASAR HUKUM"
"2","tentang Kearsipan (Lembaran Negara Republik Indonesia","191.45","540.9140000000002","592.6200000000001","604.6200000000001","612.2","BCDFEE+BookmanOldStyle","12.0","366.18200000000013","306.1","0.09814113034955914","0.3127245998039856","0.5708330610911471","False","PEMBUKAAN","DASAR HUKUM"
"2","Tahun 2012 Nomor 53, Tambahan Lembaran Negara","191.45","541.088","611.82","623.82","612.2","BCDFEE+BookmanOldStyle","12.0","366.269","306.1","0.09828324077098984","0.3127245998039856","0.5711172819340085","False","PEMBUKAAN","DASAR HUKUM"
"2","Republik Indonesia Nomor 5286);","191.45","388.570000238","631.05","643.05","612.2","BCDFEE+BookmanOldStyle","12.0","290.010000119","306.1","0.026282260504737077","0.3127245998039856","0.3219862793825547","False","PEMBUKAAN","DASAR HUKUM"
"2","6. Peraturan Presiden Nomor 87 Tahun 2014 tentang","170.05","541.1800000000001","651.05","663.05","612.2","BCDFEE+BookmanOldStyle","12.0","355.615","306.1","0.08088043123162363","0.2777687030382228","0.6062234563868018","False","PEMBUKAAN","DASAR HUKUM"
"2","Peraturan Pelaksanaan Undang-Undang Nomor 12","191.45","541.3580000000001","670.25","682.25","612.2","BCDFEE+BookmanOldStyle","12.0","366.404","306.1","0.09850375694217571","0.3127245998039856","0.5715583142763804","False","PEMBUKAAN","DASAR HUKUM"
"2","Tahun 2011 tentang Pembentukan Peraturan","191.45","541.406","689.45","701.45","612.2","BCDFEE+BookmanOldStyle","12.0","366.428","306.1","0.0985429598170532","0.3127245998039856","0.5716367200261352","False","PEMBUKAAN","DASAR HUKUM"
"2","Perundang-undangan (Lembaran Negara Republik","191.45","540.9280000000001","708.45","720.45","612.2","BCDFEE+BookmanOldStyle","12.0","366.1890000000001","306.1","0.09815256452139832","0.3127245998039856","0.5708559294348253","False","PEMBUKAAN","DASAR HUKUM"
"2","Indonesia Tahun 2014 Nomor 199), sebagaimana telah","191.45","541.0479999999999","727.6500000000001","739.6500000000001","612.2","BCDFEE+BookmanOldStyle","12.0","366.2489999999999","306.1","0.09825057170859178","0.3127245998039856","0.5710519438092124","False","PEMBUKAAN","DASAR HUKUM"
"2","diubah dengan Peraturan Presiden Nomor 76 Tahun 2021","191.45","540.7819999999999","746.88","758.88","612.2","BCDFEE+BookmanOldStyle","12.0","366.116","306.1","0.09803332244364579","0.3127245998039856","0.5706174452793203","False","PEMBUKAAN","DASAR HUKUM"
"2","tentang Perubahan atas Peraturan Presiden Nomor 87","191.45","541.118","765.87","777.87","612.2","BCDFEE+BookmanOldStyle","12.0","366.284","306.1","0.09830774256778825","0.3127245998039856","0.5711662855276054","False","PEMBUKAAN","DASAR HUKUM"
"2","Tahun 2014 tentang Peraturan Pelaksanaan","191.45","541.0579999999999","785.07","797.07","612.2","BCDFEE+BookmanOldStyle","12.0","366.2539999999999","306.1","0.09825873897419124","0.3127245998039856","0.5710682783404114","False","PEMBUKAAN","DASAR HUKUM"
"2","Undang-Undang Nomor 12 Tahun 2011 tentang","191.45","540.944","804.28","816.2800000000001","612.2","BCDFEE+BookmanOldStyle","12.000000000000014","366.197","306.1","0.09816563214635736","0.3127245998039856","0.5708820646847435","False","PEMBUKAAN","DASAR HUKUM"
"2","Pembentukan Peraturan Perundang-undangan (Lembaran","191.45","541.334","823.2700000000001","835.2700000000001","612.2","BCDFEE+BookmanOldStyle","12.0","366.39199999999994","306.1","0.09848415550473687","0.3127245998039856","0.5715191114015027","False","PEMBUKAAN","DASAR HUKUM"
"2","Negara Republik Indonesia Tahun 2021 Nomor 186);","191.45","501.3499999999999","842.475","854.475","612.2","BCDFEE+BookmanOldStyle","12.0","346.4","306.1","0.06582816073178692","0.3127245998039856","0.5062071218556026","False","PEMBUKAAN","DASAR HUKUM"
"3","3","302.7","309.372","35.72000000000003","47.72000000000003","612.2","ArialMT","12.0","306.036","306.1","0.00010454099967334428","0.49444625939235537","0.010898399215942543","False","PEMBUKAAN","DASAR HUKUM"
"3","7. Peraturan Menteri Dalam Negeri Nomor 78 Tahun 2012","170.05","541.224","72.92000000000007","84.92000000000007","612.2","BCDFEE+BookmanOldStyle","12.0","355.63700000000006","306.1","0.08091636720026141","0.2777687030382228","0.6062953283240771","False","PEMBUKAAN","DASAR HUKUM"
"3","tentang Tata Kersipan di Lingkungan Kementerian Dalam","191.45","540.9979999999999","92.32000000000005","104.32000000000005","612.2","BCDFEE+BookmanOldStyle","12.0","366.22399999999993","306.1","0.09820973538059442","0.3127245998039856","0.5709702711532177","False","PEMBUKAAN","DASAR HUKUM"
"3","Negeri dan Pemerintah Daerah (Berita Negara Republik","191.45","541.082","111.72000000000014","123.72000000000014","612.2","BCDFEE+BookmanOldStyle","12.0","366.26599999999996","306.1","0.09827834041163008","0.3127245998039856","0.5711074812152891","False","PEMBUKAAN","DASAR HUKUM"
"3","Indonesia Tahun 2012 Nomor 1282), sebagaimana telah","191.45","540.89","130.93000000000006","142.93000000000006","612.2","BCDFEE+BookmanOldStyle","12.0","366.16999999999996","306.1","0.09812152891212012","0.3127245998039856","0.5707938582162692","False","PEMBUKAAN","DASAR HUKUM"
"3","diubah dengan Peraturan Menteri Dalam Negeri Nomor 135","191.45","540.952","150.32000000000005","162.32000000000005","612.2","BCDFEE+BookmanOldStyle","12.0","366.201","306.1","0.09817216595883697","0.3127245998039856","0.5708951323097027","False","PEMBUKAAN","DASAR HUKUM"
"3","Tahun 2017 tentang Perubahan atas Peraturan Menteri","191.45","541.234","169.55000000000007","181.55000000000007","612.2","BCDFEE+BookmanOldStyle","12.0","366.342","306.1","0.09840248284874217","0.3127245998039856","0.5713557660895132","False","PEMBUKAAN","DASAR HUKUM"
"3","Dalam Negeri Nomor 78 Tahun 2012 tentang Tata Kersipan","191.45","540.6739999999999","188.95000000000005","200.95000000000005","612.2","BCDFEE+BookmanOldStyle","12.0","366.0619999999999","306.1","0.0979451159751713","0.3127245998039856","0.5704410323423715","False","PEMBUKAAN","DASAR HUKUM"
"3","di Lingkungan Kementerian Dalam Negeri dan Pemerintah","191.45","540.878","208.1500000000001","220.1500000000001","612.2","BCDFEE+BookmanOldStyle","12.0","366.164","306.1","0.09811172819340079","0.3127245998039856","0.5707742567788305","False","PEMBUKAAN","DASAR HUKUM"
"3","Daerah (Berita Negara Republik Indonesia Tahun 2017","191.45","540.9739999999999","227.55000000000007","239.55000000000007","612.2","BCDFEE+BookmanOldStyle","12.0","366.212","306.1","0.09819013394315577","0.3127245998039856","0.5709310682783403","False","PEMBUKAAN","DASAR HUKUM"
"3","Nomor 1953);","191.45","271.27399999999994","246.7500000000001","258.7500000000001","612.2","BCDFEE+BookmanOldStyle","12.0","231.36199999999997","306.1","0.1220810192747469","0.3127245998039856","0.13038876184253503","False","PEMBUKAAN","DASAR HUKUM"
"3","8. Peraturan Menteri Dalam Negeri Nomor 80 Tahun 2015","170.05","541.138","267.1500000000001","279.1500000000001","612.2","BCDFEE+BookmanOldStyle","12.0","355.59400000000005","306.1","0.08084612871610589","0.2777687030382228","0.6061548513557661","False","PEMBUKAAN","DASAR HUKUM"
"3","tentang Pembentukan Produk Hukum Daerah (Berita","191.45","541.144","286.57000000000005","298.57000000000005","612.2","BCDFEE+BookmanOldStyle","12.0","366.297","306.1","0.09832897745834694","0.3127245998039856","0.5712087553087226","False","PEMBUKAAN","DASAR HUKUM"
"3","Negara Republik Indonesia Tahun 2015 Nomor 2036),","191.45","541.22","305.7700000000001","317.7700000000001","612.2","BCDFEE+BookmanOldStyle","12.0","366.33500000000004","306.1","0.09839104867690299","0.3127245998039856","0.5713328977458347","False","PEMBUKAAN","DASAR HUKUM"
"3","sebagaimana telah diubah dengan Peraturan Menteri","191.45","540.7579999999999","325.1700000000001","337.1700000000001","612.2","BCDFEE+BookmanOldStyle","12.0","366.1039999999999","306.1","0.09801372100620696","0.3127245998039856","0.5705782424044429","False","PEMBUKAAN","DASAR HUKUM"
"3","Dalam Negeri Nomor 120 Tahun 2018 tentang Perubahan","191.45","540.8419999999998","344.3700000000001","356.3700000000001","612.2","BCDFEE+BookmanOldStyle","12.0","366.14599999999984","306.1","0.09808232603724243","0.3127245998039856","0.5707154524665138","False","PEMBUKAAN","DASAR HUKUM"
"3","atas Peraturan Menteri Dalam Negeri Nomor 80","191.45","540.794","363.7700000000001","375.7700000000001","612.2","BCDFEE+BookmanOldStyle","12.0","366.12199999999996","306.1","0.09804312316236513","0.3127245998039856","0.5706370467167592","False","PEMBUKAAN","DASAR HUKUM"
"3","Tahun 2015 tentang Pembentukan Produk Hukum Daerah","191.45","540.9399999999999","382.98000000000013","394.98000000000013","612.2","BCDFEE+BookmanOldStyle","12.0","366.19499999999994","306.1","0.09816236524011746","0.3127245998039856","0.5708755308722638","False","PEMBUKAAN","DASAR HUKUM"
"3","(Berita Negara Republik Indonesia Tahun 2019","191.45","540.854","402.4000000000001","414.4000000000001","612.2","BCDFEE+BookmanOldStyle","12.0","366.15200000000004","306.1","0.09809212675596213","0.3127245998039856","0.570735053903953","False","PEMBUKAAN","DASAR HUKUM"
"3","Nomor 157);","191.45","263.71999999999997","421.6","433.6","612.2","BCDFEE+BookmanOldStyle","12.0","227.58499999999998","306.1","0.12825057170859203","0.3127245998039856","0.11804965697484478","False","PEMBUKAAN","DASAR HUKUM"
"3","9. Peraturan Kepala Arsip Nasional Republik Indonesia","170.05","540.9860000000001","442.00000000000006","454.00000000000006","612.2","BCDFEE+BookmanOldStyle","12.0","355.51800000000003","306.1","0.0807219862789938","0.2777687030382228","0.6059065664815421","False","PEMBUKAAN","DASAR HUKUM"
"3","Nomor 22 Tahun 2015 tentang Tata Cara Penetapan","191.45","540.8179999999999","461.20000000000005","473.20000000000005","612.2","BCDFEE+BookmanOldStyle","12.0","366.1339999999999","306.1","0.09806272459980378","0.3127245998039856","0.5706762495916364","False","PEMBUKAAN","DASAR HUKUM"
"3","Jadwal Retensi Arsip (Berita Negara Republik Indonesia","191.45","541.282","480.6","492.6","612.2","BCDFEE+BookmanOldStyle","12.0","366.366","306.1","0.09844168572361967","0.3127245998039856","0.5714341718392683","False","PEMBUKAAN","DASAR HUKUM"
"3","Tahun 2015 Nomor 665);","191.45","339.73999999999995","500.00000000000006","512.0","612.2","BCDFEE+BookmanOldStyle","12.0","265.59499999999997","306.1","0.06616301862136564","0.3127245998039856","0.24222476314929753","False","PEMBUKAAN","DASAR HUKUM"
"3","10. Peraturan Gubernur Provinsi Jawa Timur Nomor 26","170.05","541.22","520.23","532.23","612.2","BCDFEE+BookmanOldStyle","12.0","355.635","306.1","0.0809131002940215","0.2777687030382228","0.6062887945115975","False","PEMBUKAAN","DASAR HUKUM"
"3","Tahun 2009 tentang Tata Kearsipan di Lingkungan","191.45","541.418","539.6200000000001","551.6200000000001","612.2","BCDFEE+BookmanOldStyle","12.0","366.43399999999997","306.1","0.09855276053577253","0.3127245998039856","0.571656321463574","False","PEMBUKAAN","DASAR HUKUM"
"3","Pemerintah Provinsi Jawa Timur (Berita Daerah Provinsi","191.45","541.202","558.82","570.82","612.2","BCDFEE+BookmanOldStyle","12.0","366.326","306.1","0.09837634759882391","0.3127245998039856","0.5713034955896765","False","PEMBUKAAN","DASAR HUKUM"
"3","Jawa Timur Tahun 2009 Nomor 26 Seri E1);","191.45","452.98999999999995","578.23","590.23","612.2","BCDFEE+BookmanOldStyle","12.0","322.21999999999997","306.1","0.02633126429271471","0.3127245998039856","0.42721332897745823","False","PEMBUKAAN","DASAR HUKUM"
"3","11. Peraturan Daerah Kabupaten Malang Nomor 11","170.05","541.154","598.4300000000001","610.4300000000001","612.2","BCDFEE+BookmanOldStyle","12.0","355.602","306.1","0.08085919634106493","0.2777687030382228","0.6061809866056843","False","PEMBUKAAN","DASAR HUKUM"
"3","Tahun 2015 tentang Penyelenggaraan Kearsipan di","191.45","540.7699999999999","617.85","629.85","612.2","BCDFEE+BookmanOldStyle","12.0","366.1099999999999","306.1","0.09802352172492629","0.3127245998039856","0.5705978438418815","False","PEMBUKAAN","DASAR HUKUM"
"3","Lingkungan Pemerintah Kabupaten Malang (Lembaran","191.45","540.9139999999999","637.05","649.05","612.2","BCDFEE+BookmanOldStyle","12.0","366.1819999999999","306.1","0.09814113034955876","0.3127245998039856","0.5708330610911464","False","PEMBUKAAN","DASAR HUKUM"
"3","Daerah Kabupaten Malang Tahun 2015 Nomor 9 Seri D);","191.45","526.706","656.45","668.45","612.2","BCDFEE+BookmanOldStyle","12.0","359.078","306.1","0.08653707938582154","0.3127245998039856","0.547624959163672","False","PEMBUKAAN","DASAR HUKUM"
"3","12. Peraturan Daerah Kabupaten Malang Nomor 9","170.05","540.984","676.6500000000001","688.6500000000001","612.2","BCDFEE+BookmanOldStyle","12.0","355.51700000000005","306.1","0.08072035282587393","0.2777687030382228","0.6059032995753022","False","PEMBUKAAN","DASAR HUKUM"
"3","Tahun 2016 tentang Pembentukan dan Susunan","191.45","541.438","696.0500000000001","708.0500000000001","612.2","BCDFEE+BookmanOldStyle","12.0","366.44399999999996","306.1","0.09856909506697147","0.3127245998039856","0.5716889905259719","False","PEMBUKAAN","DASAR HUKUM"
"3","Perangkat Daerah (Lembaran Daerah Kabupaten Malang","191.45","541.01","715.45","727.45","612.2","BCDFEE+BookmanOldStyle","12.0","366.23","306.1","0.09821953609931393","0.3127245998039856","0.5709898725906566","False","PEMBUKAAN","DASAR HUKUM"
"3","Tahun 2016 Nomor 1 Seri C), sebagaimana telah diubah","191.45","541.4459999999999","734.6700000000001","746.6700000000001","612.2","BCDFEE+BookmanOldStyle","12.0","366.448","306.1","0.09857562887945108","0.3127245998039856","0.5717020581509309","False","PEMBUKAAN","DASAR HUKUM"
"3","beberapa kali, terakhir dengan Peraturan Daerah","191.45","541.134","754.07","766.07","612.2","BCDFEE+BookmanOldStyle","12.0","366.29200000000003","306.1","0.09832081019274748","0.3127245998039856","0.5711924207775236","False","PEMBUKAAN","DASAR HUKUM"
"3","Kabupaten Malang Nomor 3 Tahun 2023 tentang","191.45","541.1700000000001","773.27","785.27","612.2","BCDFEE+BookmanOldStyle","12.0","366.31000000000006","306.1","0.09835021234890563","0.3127245998039856","0.57125122508984","False","PEMBUKAAN","DASAR HUKUM"
"3","Perubahan Keempat atas Peraturan Daerah Nomor 9","191.45","541.35","792.6700000000001","804.6700000000001","612.2","BCDFEE+BookmanOldStyle","12.0","366.4","306.1","0.0984972231296961","0.3127245998039856","0.5715452466514211","False","PEMBUKAAN","DASAR HUKUM"
"3","Tahun 2016 tentang Pembentukan dan Susunan","191.45","541.438","811.8800000000001","823.8800000000001","612.2","BCDFEE+BookmanOldStyle","12.0","366.44399999999996","306.1","0.09856909506697147","0.3127245998039856","0.5716889905259719","False","PEMBUKAAN","DASAR HUKUM"
"3","Perangkat Daerah (Lembaran Daerah Kabupaten Malang","191.45","541.268","831.2750000000001","843.2750000000001","612.2","BCDFEE+BookmanOldStyle","12.0","366.35900000000004","306.1","0.09843025155178048","0.3127245998039856","0.5714113034955897","False","PEMBUKAAN","DASAR HUKUM"
"3","Tahun 2023 Nomor 3 Seri C);","191.45","364.324","850.5","862.5","612.2","BCDFEE+BookmanOldStyle","12.0","277.887","306.1","0.04608461287161062","0.3127245998039856","0.2823815746488076","False","PEMBUKAAN","DASAR HUKUM"
"4","4","302.7","309.372","35.72000000000003","47.72000000000003","612.2","ArialMT","12.0","306.036","306.1","0.00010454099967334428","0.49444625939235537","0.010898399215942543","False","PEMBUKAAN","DASAR HUKUM"
"4","13. Peraturan Bupati Malang Nomor 122 Tahun 2018 tentang","170.05","541.268","72.92000000000007","84.92000000000007","612.2","BCDFEE+BookmanOldStyle","12.0","355.659","306.1","0.080952303168899","0.2777687030382228","0.6063672002613525","False","PEMBUKAAN","DASAR HUKUM"
"4","Tata Kearsipan (Berita Daerah Kabupaten Malang","191.45","541.156","96.5200000000001","108.5200000000001","612.2","BCDFEE+BookmanOldStyle","12.0","366.303","306.1","0.09833877817706627","0.3127245998039856","0.5712283567461612","False","PEMBUKAAN","DASAR HUKUM"
"4","Tahun 2018 Nomor 104 Seri D), sebagaimana telah diubah","191.45","541.0479999999999","120.12000000000012","132.12000000000012","612.2","BCDFEE+BookmanOldStyle","12.0","366.2489999999999","306.1","0.09825057170859178","0.3127245998039856","0.5710519438092124","False","PEMBUKAAN","DASAR HUKUM"
"4","dengan Peraturan Bupati Malang Nomor 42 Tahun 2023","191.45","541.22","143.72000000000014","155.72000000000014","612.2","BCDFEE+BookmanOldStyle","12.0","366.33500000000004","306.1","0.09839104867690299","0.3127245998039856","0.5713328977458347","False","PEMBUKAAN","DASAR HUKUM"
"4","tentang Perubahan atas Peraturan Bupati Malang Nomor","191.45","541.606","167.1500000000001","179.1500000000001","612.2","BCDFEE+BookmanOldStyle","12.0","366.528","306.1","0.09870630512904278","0.3127245998039856","0.5719634106501144","False","PEMBUKAAN","DASAR HUKUM"
"4","122 Tahun 2018 tentang Tata Kearsipan (Berita Daerah","191.45","541.194","190.7500000000001","202.7500000000001","612.2","BCDFEE+BookmanOldStyle","12.0","366.322","306.1","0.0983698137863443","0.3127245998039856","0.5712904279647173","False","PEMBUKAAN","DASAR HUKUM"
"4","Kabupaten Malang Tahun 2023 Nomor 42 Seri D);","191.45","487.39","214.35000000000014","226.35000000000014","612.2","BCDFEE+BookmanOldStyle","12.0","339.41999999999996","306.1","0.05442665795491659","0.3127245998039856","0.4834041163018621","False","PEMBUKAAN","DASAR HUKUM"
"4","14. Peraturan Bupati Malang Nomor 39 Tahun 2022 tentang","170.05","541.57","238.7500000000001","250.7500000000001","612.2","BCDFEE+BookmanOldStyle","12.0","355.81000000000006","306.1","0.08119895459000331","0.2777687030382228","0.606860503103561","False","PEMBUKAAN","DASAR HUKUM"
"4","Kedudukan, Susunan Organisasi, Tugas dan Fungsi, serta","191.45","540.902","262.35000000000014","274.35000000000014","612.2","BCDFEE+BookmanOldStyle","12.0","366.17600000000004","306.1","0.09813132963083962","0.3127245998039856","0.570813459653708","False","PEMBUKAAN","DASAR HUKUM"
"4","Tata Kerja Dinas Perpustakaan dan Kearsipan (Berita","191.45","541.09","285.98000000000013","297.98000000000013","612.2","BCDFEE+BookmanOldStyle","12.0","366.27","306.1","0.0982848742241097","0.3127245998039856","0.5711205488402483","False","PEMBUKAAN","DASAR HUKUM"
"4","Daerah Kabupaten Malang Tahun 2022 Nomor 39 Seri C);","191.45","533.5740000000001","309.3700000000001","321.3700000000001","612.2","BCDFEE+BookmanOldStyle","12.0","362.51200000000006","306.1","0.09214635739954269","0.3127245998039856","0.5588435151911141","False","PEMBUKAAN","DASAR HUKUM"
"4","15. Peraturan Bupati Malang Nomor 2 Tahun 2025 tentang Tata","170.05","540.6379999999999","333.97000000000014","345.97000000000014","612.2","BCDFEE+BookmanOldStyle","12.0","355.34399999999994","306.1","0.08043776543613183","0.2777687030382228","0.6053381247958182","False","PEMBUKAAN","DASAR HUKUM"
"4","Naskah Dinas di Lingkungan Pemerintah Kabupaten","191.45","541.1059999999999","357.57000000000005","369.57000000000005","612.2","BCDFEE+BookmanOldStyle","12.0","366.2779999999999","306.1","0.09829794184906873","0.3127245998039856","0.5711466840901664","False","PEMBUKAAN","DASAR HUKUM"
"4","Malang (Berita Daerah Kabupaten Malang Tahun 2025","191.45","541.22","380.97000000000014","392.97000000000014","612.2","BCDFEE+BookmanOldStyle","12.0","366.33500000000004","306.1","0.09839104867690299","0.3127245998039856","0.5713328977458347","False","PEMBUKAAN","DASAR HUKUM"
"4","Nomor 2 Seri D);","191.45","289.34","404.60000000000014","416.60000000000014","612.2","BCDFEE+BookmanOldStyle","12.0","240.39499999999998","306.1","0.1073260372427312","0.3127245998039856","0.15989872590656645","False","PEMBUKAAN","DASAR HUKUM"
"4","MEMUTUSKAN:","258.88","353.08","453.6","465.6","612.2","BCDFEE+BookmanOldStyle","12.0","305.98","306.1","0.0001960143743874625","0.4228683436785364","0.1538712838941522","True","PEMBUKAAN","DASAR HUKUM"
"4","Menetapkan : PERATURAN BUPATI TENTANG JADWAL RETENSI ARSIP","70.825","541.068","502.82000000000005","514.82","612.2","BCDFEE+BookmanOldStyle","12.0","305.9465","306.1","0.0002507350539039663","0.11568931721659588","0.7681198954590003","False","PEMBUKAAN","DASAR HUKUM"
"4","PEMERINTAH DAERAH.","170.05","312.94","526.23","538.23","612.2","BCDFEE+BookmanOldStyle","12.0","241.495","306.1","0.10552923881084615","0.2777687030382228","0.23340411630186209","True","PEMBUKAAN","DASAR HUKUM"
"4","BAB I","290.3","323.96","575.4200000000001","587.4200000000001","612.2","BCDFEE+BookmanOldStyle","12.0","307.13","306.1","0.001682456713492278","0.4741914407056517","0.054982032015681095","True","BATANG TUBUH","BAB I"
"4","KETENTUAN UMUM","250.68","361.318","599.595","610.595","612.2","BCDFEE+BookmanOldStyle","11.0","305.999","306.1","0.00016497876510943987","0.4094740280953936","0.18072198627899375","True","BATANG TUBUH","BAB I"
"4","Pasal 1","284.9","327.32","647.05","659.05","612.2","BCDFEE+BookmanOldStyle","12.0","306.11","306.1","1.6334531198939734e-05","0.4653707938582162","0.06929108134596539","False","BATANG TUBUH","PASAL 1"
"4","1. Daerah adalah Kabupaten Malang.","191.45","417.95199999999994","695.0500000000001","707.0500000000001","612.2","BCDFEE+BookmanOldStyle","12.0","304.70099999999996","306.1","0.0022852009147338414","0.3127245998039856","0.36998039856256115","False","BATANG TUBUH","PASAL 1"
"4","2. Pemerintah Daerah adalah Pemerintah Kabupaten","191.45","543.3399999999999","719.6500000000001","731.6500000000001","612.2","BCDFEE+BookmanOldStyle","12.0","367.395","306.1","0.10012250898399208","0.3127245998039856","0.5747958183600129","False","BATANG TUBUH","PASAL 1"
"4","Malang.","212.68","259.48","743.27","755.27","612.2","BCDFEE+BookmanOldStyle","12.0","236.08","306.1","0.11437438745508005","0.3474028095393662","0.07644560601110749","False","BATANG TUBUH","PASAL 1"
"4","3. Bupati adalah Bupati Malang.","191.45","389.9439999999999","767.6800000000001","779.6800000000001","612.2","BCDFEE+BookmanOldStyle","12.0","290.69699999999995","306.1","0.025160078405749877","0.3127245998039856","0.32423064358052905","False","BATANG TUBUH","PASAL 1"
"4","4. Lembaga Kearsipan Daerah adalah Lembaga yang","191.45","543.256","792.27","804.27","612.2","BCDFEE+BookmanOldStyle","12.0","367.35299999999995","306.1","0.10005390395295642","0.3127245998039856","0.5746586082979418","False","BATANG TUBUH","PASAL 1"
"4","memiliki fungsi, tugas dan tanggung jawab dibidang","212.68","543.448","815.87","827.87","612.2","BCDFEE+BookmanOldStyle","12.0","378.06399999999996","306.1","0.1175498203201567","0.3474028095393662","0.5402940215615811","False","BATANG TUBUH","PASAL 1"
"4","pengelolaan arsip statis dan pembinaan kearsipan.","212.68","513.5319999999999","839.2750000000001","851.2750000000001","612.2","BCDFEE+BookmanOldStyle","12.0","363.106","306.1","0.09311662855276048","0.3474028095393662","0.49142763802678846","False","BATANG TUBUH","PASAL 1"
"5","5","302.7","309.372","35.72000000000003","47.72000000000003","612.2","ArialMT","12.0","306.036","306.1","0.00010454099967334428","0.49444625939235537","0.010898399215942543","False","BATANG TUBUH","PASAL 1"
"5","5. Arsip adalah rekaman kegiatan atau peristiwa dalam","191.45","543.492","72.92000000000007","84.92000000000007","612.2","BCDFEE+BookmanOldStyle","12.0","367.471","306.1","0.10024665142110417","0.3127245998039856","0.575044103234237","False","BATANG TUBUH","PASAL 1"
"5","berbagai bentuk dan media sesuai dengan","212.68","543.196","94.73000000000013","106.73000000000013","612.2","BCDFEE+BookmanOldStyle","12.0","377.938","306.1","0.11734400522704992","0.3474028095393662","0.5398823913753675","False","BATANG TUBUH","PASAL 1"
"5","perkembangan teknologi informasi dan komunikasi yang","212.68","543.5440000000001","116.5200000000001","128.5200000000001","612.2","BCDFEE+BookmanOldStyle","12.0","378.1120000000001","306.1","0.11762822606991188","0.3474028095393662","0.5404508330610912","False","BATANG TUBUH","PASAL 1"
"5","dibuat dan diterima oleh lembaga negara, pemerintahan","212.68","543.4939999999999","138.12000000000012","150.12000000000012","612.2","BCDFEE+BookmanOldStyle","12.0","378.087","306.1","0.11758738974191435","0.3474028095393662","0.5403691604050962","False","BATANG TUBUH","PASAL 1"
"5","daerah, lembaga pendidikan, perusahaan, organisasi","212.68","543.458","159.95000000000005","171.95000000000005","612.2","BCDFEE+BookmanOldStyle","12.0","378.06899999999996","306.1","0.11755798758575618","0.3474028095393662","0.54031035609278","False","BATANG TUBUH","PASAL 1"
"5","politik, organisasi kemasyarakatan, perseorangan dalam","212.68","543.4699999999999","181.55000000000007","193.55000000000007","612.2","BCDFEE+BookmanOldStyle","12.0","378.07499999999993","306.1","0.1175677883044755","0.3474028095393662","0.5403299575302187","False","BATANG TUBUH","PASAL 1"
"5","pelaksanaan kehidupan bermasyarakat, berbangsa dan","212.68","543.1479999999999","203.35000000000014","215.35000000000014","612.2","BCDFEE+BookmanOldStyle","12.0","377.914","306.1","0.11730480235217243","0.3474028095393662","0.5398039856256124","False","BATANG TUBUH","PASAL 1"
"5","bernegara.","212.68","275.10999999999996","225.1500000000001","237.1500000000001","612.2","BCDFEE+BookmanOldStyle","12.0","243.89499999999998","306.1","0.10160895132309708","0.3474028095393662","0.10197647827507342","False","BATANG TUBUH","PASAL 1"
"5","6. Arsip Inaktif adalah arsip yang frekuensi","191.45","543.224","247.7500000000001","259.7500000000001","612.2","BCDFEE+BookmanOldStyle","12.0","367.337","306.1","0.10002776870303816","0.3127245998039856","0.5746063377981052","False","BATANG TUBUH","PASAL 1"
"5","penggunaannya telah menurun.","212.68","402.34","269.55000000000007","281.55000000000007","612.2","BCDFEE+BookmanOldStyle","12.0","307.51","306.1","0.002303168899052545","0.3474028095393662","0.3098007187193727","False","BATANG TUBUH","PASAL 1"
"5","7. Arsip Statis adalah arsip yang dihasilkan oleh pencipta","191.45","543.546","292.18000000000006","304.18000000000006","612.2","BCDFEE+BookmanOldStyle","12.0","367.49800000000005","306.1","0.10029075465534143","0.3127245998039856","0.5751323097027116","False","BATANG TUBUH","PASAL 1"
"5","arsip karena memiliki nilai guna kesejarahan, telah","212.68","543.0759999999999","313.97000000000014","325.97000000000014","612.2","BCDFEE+BookmanOldStyle","12.0","377.87799999999993","306.1","0.1172459980398561","0.3474028095393662","0.5396863770009799","False","BATANG TUBUH","PASAL 1"
"5","habis masa retensinya, dan berketerangan","212.68","543.1839999999999","335.57000000000005","347.57000000000005","612.2","BCDFEE+BookmanOldStyle","12.0","377.9319999999999","306.1","0.1173342045083304","0.3474028095393662","0.5398627899379285","False","BATANG TUBUH","PASAL 1"
"5","dipermanenkan yang telah diverifikasi baik secara","212.68","543.004","357.3700000000001","369.3700000000001","612.2","BCDFEE+BookmanOldStyle","12.0","377.842","306.1","0.11718719372753995","0.3474028095393662","0.5395687683763476","False","BATANG TUBUH","PASAL 1"
"5","langsung maupun tidak langsung oleh Arsip Nasional","212.68","543.5020000000001","379.1700000000001","391.1700000000001","612.2","BCDFEE+BookmanOldStyle","12.0","378.091","306.1","0.11759392355439395","0.3474028095393662","0.5403822280300556","False","BATANG TUBUH","PASAL 1"
"5","Republik Indonesia dan/atau lembaga kearsipan.","212.68","504.51399999999995","400.80000000000007","412.80000000000007","612.2","BCDFEE+BookmanOldStyle","12.0","358.597","306.1","0.08575138843515183","0.3474028095393662","0.47669715779157124","False","BATANG TUBUH","PASAL 1"
"5","8. Retensi Arsip adalah jangka waktu penyimpanan yang","191.45","543.016","423.6","435.6","612.2","BCDFEE+BookmanOldStyle","12.0","367.23299999999995","306.1","0.09985788957856896","0.3127245998039856","0.5742665795491668","False","BATANG TUBUH","PASAL 1"
"5","wajib dilakukan terhadap suatu jenis arsip.","212.68","469.94800000000004","445.20000000000005","457.20000000000005","612.2","BCDFEE+BookmanOldStyle","12.0","341.314","306.1","0.057520418163998686","0.3474028095393662","0.42023521724926494","False","BATANG TUBUH","PASAL 1"
"5","9. Jadwal Retensi Arsip yang selanjutnya disingkat JRA","191.45","542.9439999999998","468.00000000000006","480.00000000000006","612.2","BCDFEE+BookmanOldStyle","12.0","367.1969999999999","306.1","0.09979908526625263","0.3127245998039856","0.5741489709245342","False","BATANG TUBUH","PASAL 1"
"5","adalah daftar yang berisi sekurang-kurangnya jangka","212.68","543.3820000000001","489.8","501.8","612.2","BCDFEE+BookmanOldStyle","12.0","378.03100000000006","306.1","0.11749591636720032","0.3474028095393662","0.5401862136556681","False","BATANG TUBUH","PASAL 1"
"5","waktu penyimpanan atau retensi, jenis arsip, dan","212.68","543.2299999999999","511.42","523.4200000000001","612.2","BCDFEE+BookmanOldStyle","12.0","377.9549999999999","306.1","0.11737177393008805","0.3474028095393662","0.5399379287814438","False","BATANG TUBUH","PASAL 1"
"5","keterangan yang berisi rekomendasi tentang penetapan","212.68","543.292","533.23","545.23","612.2","BCDFEE+BookmanOldStyle","12.0","377.986","306.1","0.1174224109768049","0.3474028095393662","0.5400392028748775","False","BATANG TUBUH","PASAL 1"
"5","suatu jenis arsip dimusnahkan, dinilai kembali atau","212.68","542.9079999999999","554.82","566.82","612.2","BCDFEE+BookmanOldStyle","12.0","377.794","306.1","0.11710878797778497","0.3474028095393662","0.5394119568768374","False","BATANG TUBUH","PASAL 1"
"5","dipermanenkan yang dipergunakan sebagai pedoman","212.68","543.1239999999999","576.6200000000001","588.6200000000001","612.2","BCDFEE+BookmanOldStyle","12.0","377.90199999999993","306.1","0.11728520091473359","0.3474028095393662","0.5397647827507348","False","BATANG TUBUH","PASAL 1"
"5","penyusutan dan penyelamatan arsip.","212.68","432.35200000000003","598.23","610.23","612.2","BCDFEE+BookmanOldStyle","12.0","322.516","306.1","0.02681476641620385","0.3474028095393662","0.3588239137536753","False","BATANG TUBUH","PASAL 1"
"5","10. Jenis Arsip adalah kelompok dokumen yang diatur","191.45","543.076","621.05","633.05","612.2","BCDFEE+BookmanOldStyle","12.0","367.26300000000003","306.1","0.09990689317216597","0.3127245998039856","0.5743645867363607","False","BATANG TUBUH","PASAL 1"
"5","dalam suatu sistem pemberkasan tertentu atau","212.68","543.476","642.85","654.85","612.2","BCDFEE+BookmanOldStyle","12.0","378.078","306.1","0.11757268866383526","0.3474028095393662","0.5403397582489382","False","BATANG TUBUH","PASAL 1"
"5","dipertahankan sebagai satu unit karena merekatercipta","212.68","542.8960000000001","664.45","676.45","612.2","BCDFEE+BookmanOldStyle","12.0","377.788","306.1","0.11709898725906563","0.3474028095393662","0.539392355439399","False","BATANG TUBUH","PASAL 1"
"5","dari kesamaan proses akumulasi dan pemberkasan","212.68","543.1479999999999","686.25","698.25","612.2","BCDFEE+BookmanOldStyle","12.0","377.914","306.1","0.11730480235217243","0.3474028095393662","0.5398039856256124","False","BATANG TUBUH","PASAL 1"
"5","kesamaan aktifitas, memiliki bentuk khusus, atau","212.68","543.3759999999999","707.85","719.85","612.2","BCDFEE+BookmanOldStyle","12.0","378.0279999999999","306.1","0.11749101600784037","0.3474028095393662","0.5401764129369484","False","BATANG TUBUH","PASAL 1"
"5","karena beberapa keterkaitan lain yang muncul dari","212.68","543.16","729.6500000000001","741.6500000000001","612.2","BCDFEE+BookmanOldStyle","12.0","377.91999999999996","306.1","0.11731460307089175","0.3474028095393662","0.5398235870630512","False","BATANG TUBUH","PASAL 1"
"5","penerimaan, penciptaan atau penggunaanya.","212.68","479.60799999999995","751.27","763.27","612.2","BCDFEE+BookmanOldStyle","12.0","346.144","306.1","0.06540999673309372","0.3474028095393662","0.43601437438745494","False","BATANG TUBUH","PASAL 1"
"5","11. Retensi Aktif adalah masa simpan minimal suatu jenis","191.45","543.436","774.07","786.07","612.2","BCDFEE+BookmanOldStyle","12.0","367.443","306.1","0.10020091473374707","0.3127245998039856","0.5749526298595231","False","BATANG TUBUH","PASAL 1"
"5","arsip pada Unit Pengolah.","212.68","365.02","795.87","807.87","612.2","BCDFEE+BookmanOldStyle","12.0","288.85","306.1","0.028177066318196664","0.3474028095393662","0.24884024828487417","False","BATANG TUBUH","PASAL 1"
"5","12. Retensi Inaktif adalah masa simpan minimal suatu jenis","191.45","543.2440000000001","818.47","830.47","612.2","BCDFEE+BookmanOldStyle","12.0","367.3470000000001","306.1","0.10004410323423729","0.3127245998039856","0.5746390068605033","False","BATANG TUBUH","PASAL 1"
"5","arsip pada Unit Kearsipan/Pusat Arsip.","212.68","445.96","840.2750000000001","852.2750000000001","612.2","BCDFEE+BookmanOldStyle","12.0","329.32","306.1","0.037928781443972506","0.3474028095393662","0.3810519438092126","False","BATANG TUBUH","PASAL 1"
"6","6","302.7","309.372","35.72000000000003","47.72000000000003","612.2","ArialMT","12.0","306.036","306.1","0.00010454099967334428","0.49444625939235537","0.010898399215942543","False","BATANG TUBUH","PASAL 1"
"6","13. Keterangan Musnah adalah keterangan yang","191.45","543.2800000000001","72.92000000000007","84.92000000000007","612.2","BCDFEE+BookmanOldStyle","12.0","367.365","306.1","0.10007350539039526","0.3127245998039856","0.5746978111728195","False","BATANG TUBUH","PASAL 1"
"6","menyatakan bahwa suatu jenis arsip dapat","212.68","543.4219999999999","92.5200000000001","104.5200000000001","612.2","BCDFEE+BookmanOldStyle","12.0","378.05099999999993","306.1","0.11752858542959801","0.3474028095393662","0.5402515517804637","False","BATANG TUBUH","PASAL 1"
"6","dimusnahkan karena jangka waktu penyimpanan telah","212.68","543.2799999999999","111.92000000000007","123.92000000000007","612.2","BCDFEE+BookmanOldStyle","12.0","377.9799999999999","306.1","0.11741261025808539","0.3474028095393662","0.5400196014374384","False","BATANG TUBUH","PASAL 1"
"6","habis dan tidak memiliki nilai guna lagi.","212.68","450.38799999999986","131.32000000000005","143.32000000000005","612.2","BCDFEE+BookmanOldStyle","12.0","331.53399999999993","306.1","0.04154524665142096","0.3474028095393662","0.3882848742241095","False","BATANG TUBUH","PASAL 1"
"6","14. Keterangan Permanen adalah keterangan yang","191.45","543.1000000000001","151.72000000000014","163.72000000000014","612.2","BCDFEE+BookmanOldStyle","12.0","367.2750000000001","306.1","0.0999264946096048","0.3127245998039856","0.5744037896112384","False","BATANG TUBUH","PASAL 1"
"6","menyatakan bahwa suatu jenis arsip yang memiliki nilai","212.68","542.9920000000002","171.1500000000001","183.1500000000001","612.2","BCDFEE+BookmanOldStyle","12.0","377.8360000000001","306.1","0.11717739300882081","0.3474028095393662","0.5395491669389091","False","BATANG TUBUH","PASAL 1"
"6","guna sekunder atau nilai guna permanen, wajib","212.68","543.0280000000001","190.55000000000007","202.55000000000007","612.2","BCDFEE+BookmanOldStyle","12.0","377.85400000000004","306.1","0.11720679516497878","0.3474028095393662","0.5396079712512253","False","BATANG TUBUH","PASAL 1"
"6","diserahkan kepada Lembaga Kearsipan Daerah sebagai","212.68","543.2280000000001","209.95000000000005","221.95000000000005","612.2","BCDFEE+BookmanOldStyle","12.0","377.95400000000006","306.1","0.11737014047696837","0.3474028095393662","0.5399346618752042","False","BATANG TUBUH","PASAL 1"
"6","bukti pertanggungjawaban sesuai dengan lingkup tugas","212.68","543.2560000000001","229.55000000000007","241.55000000000007","612.2","BCDFEE+BookmanOldStyle","12.0","377.9680000000001","306.1","0.11739300882064692","0.3474028095393662","0.5399803985625613","False","BATANG TUBUH","PASAL 1"
"6","dan fungsi masing-masing.","212.68","372.312","248.95000000000005","260.95000000000005","612.2","BCDFEE+BookmanOldStyle","12.0","292.496","306.1","0.02222149624305789","0.3474028095393662","0.2607513884351519","False","BATANG TUBUH","PASAL 1"
"6","BAB II","288.1","325.948","289.7700000000001","301.7700000000001","612.2","BCDFEE+BookmanOldStyle","12.0","307.024","306.1","0.0015093106827833683","0.47059784384188175","0.061822933681803256","True","BATANG TUBUH","BAB II"
"6","ASAS, MAKSUD DAN TUJUAN","223.88","388.154","309.95500000000004","320.95500000000004","612.2","BCDFEE+BookmanOldStyle","11.0","306.017","306.1","0.00013557660895136692","0.3656974844821953","0.2683338778177066","True","BATANG TUBUH","BAB II"
"6","Pasal 2","284.9","327.34","349.3700000000001","361.3700000000001","612.2","BCDFEE+BookmanOldStyle","12.0","306.12","306.1","3.266906239787947e-05","0.4653707938582162","0.06932375040836328","False","BATANG TUBUH","PASAL 2"
"6","(1) JRA Pemerintah Daerah disusun sebagai pedoman","191.45","543.654","390.4000000000001","402.4000000000001","612.2","BCDFEE+BookmanOldStyle","12.0","367.552","306.1","0.10037896112381574","0.3127245998039856","0.5753087226396603","False","BATANG TUBUH","PASAL 2"
"6","dalam mengelola arsip agar terjamin keabsahan,","212.68","543.256","409.80000000000007","421.80000000000007","612.2","BCDFEE+BookmanOldStyle","12.0","377.96799999999996","306.1","0.11739300882064674","0.3474028095393662","0.5399803985625612","False","BATANG TUBUH","PASAL 2"
"6","keutuhan, dan kemudahan aksesnya. Asas ini penting","212.68","543.342","429.20000000000005","441.20000000000005","612.2","BCDFEE+BookmanOldStyle","12.0","378.01099999999997","306.1","0.11746324730480226","0.3474028095393662","0.5401208755308722","False","BATANG TUBUH","PASAL 2"
"6","untuk memastikan arsip dapat digunakan dengan efektif","212.68","543.304","448.6","460.6","612.2","BCDFEE+BookmanOldStyle","12.0","377.99199999999996","306.1","0.11743221169552423","0.3474028095393662","0.5400588043123161","False","BATANG TUBUH","PASAL 2"
"6","dan efisien untuk kepentingan hukum, administrasi,","212.68","543.0640000000001","468.00000000000006","480.00000000000006","612.2","BCDFEE+BookmanOldStyle","12.0","377.87200000000007","306.1","0.11723619732113695","0.3474028095393662","0.5396667755635414","False","BATANG TUBUH","PASAL 2"
"6","dan sejarah.","212.68","285.868","487.40000000000003","499.40000000000003","612.2","BCDFEE+BookmanOldStyle","12.0","249.274","306.1","0.09282260699117938","0.3474028095393662","0.11954916693890882","False","BATANG TUBUH","PASAL 2"
"6","(2) JRA Pemerintah Daerah disusun dengan maksud untuk","191.45","543.4580000000001","507.82000000000005","519.82","612.2","BCDFEE+BookmanOldStyle","12.0","367.45400000000006","306.1","0.10021888271806605","0.3127245998039856","0.5749885658281608","False","BATANG TUBUH","PASAL 2"
"6","melindungi fisik dan informasi arsip dari kerusakan dan","212.68","543.1719999999999","527.22","539.22","612.2","BCDFEE+BookmanOldStyle","12.0","377.92599999999993","306.1","0.11732440378961108","0.3474028095393662","0.5398431885004898","False","BATANG TUBUH","PASAL 2"
"6","kehilangan sehingga kebutuhan akan ketersediaan,","212.68","543.2560000000001","546.82","558.82","612.2","BCDFEE+BookmanOldStyle","12.0","377.9680000000001","306.1","0.11739300882064692","0.3474028095393662","0.5399803985625613","False","BATANG TUBUH","PASAL 2"
"6","keterbacaan, keutuhan, integritas, otentisitas dan","212.68","543.292","566.23","578.23","612.2","BCDFEE+BookmanOldStyle","12.0","377.986","306.1","0.1174224109768049","0.3474028095393662","0.5400392028748775","False","BATANG TUBUH","PASAL 2"
"6","reliabilitas arsip tetap dapat terpenuhi.","212.68","443.52399999999994","585.6200000000001","597.6200000000001","612.2","BCDFEE+BookmanOldStyle","12.0","328.102","306.1","0.03593923554393981","0.3474028095393662","0.3770728520091472","False","BATANG TUBUH","PASAL 2"
"6","(3) JRA sebagaimana dimaksud pada ayat (1) bertujuan","191.45","543.61","606.02","618.02","612.2","BCDFEE+BookmanOldStyle","12.0","367.53","306.1","0.10034302515517796","0.3127245998039856","0.5752368507023848","False","BATANG TUBUH","PASAL 2"
"6","untuk mengatur penyusutan arsip.","212.68","420.532","625.45","637.45","612.2","BCDFEE+BookmanOldStyle","12.0","316.606","306.1","0.017161058477621643","0.3474028095393662","0.3395164978765109","False","BATANG TUBUH","PASAL 2"
"6","BAB III","285.1","326.944","666.25","678.25","612.2","BCDFEE+BookmanOldStyle","12.0","306.02200000000005","306.1","0.0001274093433518042","0.4656974844821954","0.06835021234890558","True","BATANG TUBUH","BAB III"
"6","RUANG LINGKUP","254.27","357.662","686.85","698.85","612.2","BCDFEE+BookmanOldStyle","12.0","305.966","306.1","0.00021888271806601525","0.41533812479581833","0.16888598497223123","True","BATANG TUBUH","BAB III"
"6","Pasal 3","284.9","327.34","727.6500000000001","739.6500000000001","612.2","BCDFEE+BookmanOldStyle","12.0","306.12","306.1","3.266906239787947e-05","0.4653707938582162","0.06932375040836328","False","BATANG TUBUH","PASAL 3"
"6","(1) Ruang lingkup Peraturan Bupati ini adalah JRA","191.45","543.3279999999999","768.47","780.47","612.2","BCDFEE+BookmanOldStyle","12.0","367.3889999999999","306.1","0.10011270826527258","0.3127245998039856","0.5747762169225741","False","BATANG TUBUH","PASAL 3"
"6","Pemerintah Daerah.","212.68","330.73999999999995","787.87","799.87","612.2","BCDFEE+BookmanOldStyle","12.0","271.71","306.1","0.056174452793204904","0.3474028095393662","0.1928454753348578","False","BATANG TUBUH","PASAL 3"
"6","(2) JRA sebagaimana dimaksud pada ayat (1) tercantum","191.45","543.376","808.2800000000001","820.2800000000001","612.2","BCDFEE+BookmanOldStyle","12.0","367.413","306.1","0.10015191114015025","0.3127245998039856","0.5748546226723292","False","BATANG TUBUH","PASAL 3"
"6","dalam Lampiran yang merupakan bagian tidak","212.68","543.412","827.6750000000001","839.6750000000001","612.2","BCDFEE+BookmanOldStyle","12.0","378.04600000000005","306.1","0.11752041816399873","0.3474028095393662","0.5402352172492649","False","BATANG TUBUH","PASAL 3"
"6","terpisahkan dari Peraturan Bupati ini.","212.68","439.1319999999999","847.3000000000001","859.3000000000001","612.2","BCDFEE+BookmanOldStyle","12.0","325.90599999999995","306.1","0.032352172492649336","0.3474028095393662","0.36989872590656625","False","BATANG TUBUH","PASAL 3"
"7","7","302.7","309.372","35.72000000000003","47.72000000000003","612.2","ArialMT","12.0","306.036","306.1","0.00010454099967334428","0.49444625939235537","0.010898399215942543","False","BATANG TUBUH","PASAL 3"
"7","BAB IV","284.9","326.876","72.92000000000007","84.92000000000007","612.2","BCDFEE+BookmanOldStyle","12.0","305.888","306.1","0.0003462920614179123","0.4653707938582162","0.06856582816073178","True","BATANG TUBUH","BAB IV"
"7","KETENTUAN PENUTUP","236.88","375.03599999999994","95.92000000000007","107.92000000000007","612.2","BCDFEE+BookmanOldStyle","12.0","305.95799999999997","306.1","0.00023195034302524132","0.3869323750408363","0.22567134923227694","True","BATANG TUBUH","BAB IV"
"7","Pasal 4","284.9","327.34","141.5200000000001","153.5200000000001","612.2","BCDFEE+BookmanOldStyle","12.0","306.12","306.1","3.266906239787947e-05","0.4653707938582162","0.06932375040836328","False","BATANG TUBUH","PASAL 4"
"7","Peraturan Bupati ini mulai berlaku pada tanggal diundangkan.","170.05","541.3460000000001","187.1500000000001","199.1500000000001","612.2","BCDFEE+BookmanOldStyle","12.0","355.6980000000001","306.1","0.08101600784057508","0.2777687030382228","0.6064946096047045","False","BATANG TUBUH","PASAL 4"
"7","Agar setiap orang mengetahuinya, memerintahkan","170.05","541.278","232.95000000000005","244.95000000000005","612.2","BCDFEE+BookmanOldStyle","12.0","355.664","306.1","0.08096047043449847","0.2777687030382228","0.6063835347925515","False","PENUTUP",""
"7","pengundangan Peraturan Bupati ini dengan penempatannya","170.05","541.046","254.7500000000001","266.7500000000001","612.2","BCDFEE+BookmanOldStyle","12.0","355.548","306.1","0.08077098987259061","0.2777687030382228","0.6060045736687357","False","PENUTUP",""
"7","dalam Berita Daerah Kabupaten Malang.","170.05","411.17199999999997","276.57000000000005","288.57000000000005","612.2","BCDFEE+BookmanOldStyle","12.0","290.611","306.1","0.025300555374060816","0.2777687030382228","0.3938614831754328","False","PENUTUP",""
"7","Ditetapkan di Kepanjen","313.9","452.76399999999995","341.57000000000005","353.57000000000005","612.2","BCDFEE+BookmanOldStyle","12.0","383.332","306.1","0.12615485135576604","0.5127409343351845","0.22682783404116297","False","PENUTUP",""
"7","pada tanggal 23 Juli 2025","313.9","468.19","362.7700000000001","374.7700000000001","612.2","BCDFEE+BookmanOldStyle","12.0","391.04499999999996","306.1","0.13875367526951965","0.5127409343351845","0.2520254818686704","False","PENUTUP",""
"7","BUPATI MALANG,","371.52","481.35599999999994","404.9760000000001","416.9760000000001","612.2","BCDGEE+BookmanOldStyle-Bold","12.0","426.438","306.1","0.19656648154197967","0.6068605031035609","0.17941195687683756","True","PENUTUP",""
"7","ttd.","415.13","438.01","439.776","451.776","612.2","BCDGEE+BookmanOldStyle-Bold","12.0","426.57","306.1","0.1967820973538059","0.6780953936622018","0.037373407383208095","False","PENUTUP",""
"7","SANUSI","403.13","450.11","474.37600000000003","486.37600000000003","612.2","BCDGEE+BookmanOldStyle-Bold","12.0","426.62","306.1","0.19686377000980068","0.6584939562234563","0.07673962757268869","True","PENUTUP",""
"7","Diundangkan di Kepanjen","70.825","224.97","491.6","503.6","612.2","BCDFEE+BookmanOldStyle","12.0","147.8975","306.1","0.25841636720026134","0.11568931721659588","0.25178863116628547","False","PENUTUP",""
"7","pada tanggal 23 Juli 2025","70.825","225.12","512.82","524.82","612.2","BCDFEE+BookmanOldStyle","12.0","147.9725","306.1","0.2582938582162692","0.11568931721659588","0.25203364913426984","False","PENUTUP",""
"7","Pj. SEKRETARIS DAERAH KABUPATEN MALANG,","73.225","380.104","554.9960000000001","566.9960000000001","612.2","BCDGEE+BookmanOldStyle-Bold","12.0","226.66449999999998","306.1","0.1297541653054558","0.11960960470434497","0.5012724599803986","False","PENUTUP",""
"7","ttd.","209.47","232.36","589.606","601.606","612.2","BCDGEE+BookmanOldStyle-Bold","12.0","220.91500000000002","306.1","0.13914570401829468","0.34215942502450175","0.037389741914407075","False","PENUTUP",""
"7","NURCAHYO","184.65","256.83","624.2260000000001","636.2260000000001","612.2","BCDGEE+BookmanOldStyle-Bold","12.0","220.74","306.1","0.1394315583142764","0.3016171185886965","0.11790264619405419","True","PENUTUP",""
"7","Berita Daerah Kabupaten Malang","70.825","267.949","662.85","674.85","612.2","BCDFEE+BookmanOldStyle","12.0","169.387","306.1","0.2233142763802679","0.11568931721659588","0.32199281280627245","False","PENUTUP",""
"7","Tahun 2025 Nomor 19 Seri D","70.825","244.48","683.85","695.85","612.2","BCDFEE+BookmanOldStyle","12.0","157.6525","306.1","0.24248203201568116","0.11568931721659588","0.2836573015354459","False","PENUTUP",""
